Name,Instagram
Aamar Mahmood,aamar_mahmood
Aaron Adams #1,chivomacho
Aaron Brewer,flexiblefoods_aus
Aaron Burch,beastyken
Aaron Chapple,chap_training
Aaron Ecton,aaronecton3
Aaron Hagan,cereal_killer220
Aaron Hosking,azhosking22
Aaron Hull,the_amh_power
Aaron Lister,power_lister
Aaron Menden,aaron.menden
Aaron Morman,hercules_strong82
Aaron Nance,kingnancepowerlifting
Aaron Palko,oklap
Aaron Purdy,aopurdy
Aaron Ritchhart,aaronritchhart
Aaron Simm,aaron.simm
Aaron Tate #1,aaronmitchtate
Aaron Van Scoten,aa.ron.lifts
Abbigaile Urioste,abifrench_
Abby Burg,anb614
Abdul-Tawab Durani,abdul.lifter
Abigail Grich,abbsagails
Abigail McLean,abzpower
Abi Graham,abi.graham.35
Abner Nazario,abner_n181
Abraham Ramirez,abe_rawmirez
Adam Bell #1,adam.bell.102
Adam Boucher,adamboucher17
Adam Cooper,ahcoop21
Adam Ezzat,purgatory_24
Adam Ferchen,elitefitnessnf
Adam Gasson,adamgasson
Adam Hindle,hindle1986
Adam Jackson #1,photojadamj
Adam Lam,adamklam
Adam Leidigh,meathead_adam
Adam Miller #2,adam12miller
Adam Nash,adam_nash83
Adam Pickles,adamcoachpickles
Adam Ramzy,arramzy
Adam Riman,wookielifting
Adam Scherr,a_scherr46
Adam Scott #1,adam_lifting
Adam Travis,head_coach_trav
Adam Werner,big_wern
Adam Whitescarver,thicc_wolverine
Adam Woodward,injured.adam
Adil Khan,dannyak13
Adrian Knox,aknox868
Adrian Larsen,larsenpress
Adrián Solana Guerrero,adri.solana_crom
Afua Adjei-Brenyah,generic_afua
Afzol Ali,afzol_ali
Agnes Lepp,agnese_la_strong_kante
Ahmed Ellahie,ae_strength
Aidan Roeder,aidanroeder
Aiden Potts,pottsteriorchain
Aimee Porter,arpo89
Ainslee Hooper,ironbugains
Aisling Judge,aislingjudge
Aisling Lynch,thisveganlove
Aisling Scott,ashaling92
AJ Alvarez,aj_alvarez52
Ajay Sharma,ajay_s_
AJ Roberts,ajroberts
Alaina Hernandez,tattooedrn
Alan Gilbreath,texaspowerlifter
Alan Perez,official_ajbeast_iba
Alan Sambol,asambol
Alan Thrall,untamedstrength
Alan Wilson,aw.performance.coaching
Alan Wu,alanwuhu
Alastair MacNicol,amacnicol
Albert Alvarado,squat2depth_apparel
Alberto Portillo,fatboy_strong
Alec Dorner,alec_dorner
Alec Hewstone,alechewstone
Alec Williamson,bighomieso
Aleem Majid,mr_hencherz
Aleix Fernández Peña,aleixfernandezz
Alejandro Ivars Amor,kingivars
Alejandro Rodríguez Acuña,powerhispaniaed
Alek Mosholt,the_amos050
Aleksandra Zacharek,aleksandra_zacharek
Aleksandr Ryashchikov,vipmanrich
Aleksey Nikulin,alekzz_z
Aleksey Voznyuk,alexsey.v
Alexander Burgazzoli,aeleks.us
Alexander Clarke,bigalexanderclarke
Alexander Espin,aespin7
Alexander Glover,a.glove17
Alexander Goodwin,alex_1rm
Alexander Pierides,itsalexpierides
Alexander Stram,olred68
Alexander Walters,alex_walters_pr
Alexandra Donald,alexdonald_84kg
Alexandra Elzein,snarkasaurus.rex
Alexandra Messner,quad_zilluh
Alexandra Pong,pongstrong
Alexandra Roth,squatbenchcode
Alex Campbell #1,abellcamp
Alex Chambers,archambers_
Alex Deken,alexdekenpl
Alex Dincau,adincau7
Alexey Kuzmin,alexeykuzmin.official.raw
Alexey Sivokon,alexey_sivokon
Alex Fodor,thesleepypowerlifter
Alex Ghossein,alex_the_sicko
Alex Gordon,thatman_gordo
Alex Granados,its_alex_grr
Alex Hamblin,no_equipment_needed
Alex Harmston,66kg_alex
Alexis Callejo,lexi__t
Alexis Carvalho,alexisvnc
Alexis Eliopoulos,nikyu1
Alexis Williams,flexin.flexis
Alex Palmer #1,alexpalmer2412
Alex Rumsey,alexrumseyy
Alex Simon,godlystrong
Alex Uslar,alexuslar
Alex Viada,alex.viada
Alice Swain,alicevswain
Alice Swift,alfvsgym
Aliesha Sharp,aliesha_sharp
Ali Jawad,alijawadpowerlifter
Ali Pope,crossbreakerx
Alireza Herfedoust,strengthpredator
Alison Crowdus,powerpack_ali
Alison Jennings,allieliftsheavythings
Alison O'Reilly,allyirl
Ali Squiller,squillerz
Alister Little,_armstrongstyle
Al Kotwal,ketogent
Allegra Hudson,ahuds47kg
Allen Baria,allen.baria.ab
Allen Fisher #1,basement_strong
Alley Key,alleyxday
Allie Feras,trainhardpizzaharder
Allie Rosales,alliecat90
Allison Hind,allisonhind.pl
Allison Hough,houghallison
Alora Griffiths,aloragriffiths
Álvaro Fernández Ramos #2,alvaro_fr13
Álvaro López Molina,alvaro_lopez_molina
Alyssa Sablaon,alyftssalot
Alyssa Smith,alyssasmithpl
Amador Rios,the1armani
Amanda Bucci,amandabucci
Amanda Dodaro,pandamanda58
Amanda Doll,adoll127
Amanda Gisby,amanda_gisby
Amanda Hillary,amandakins2
Amanda Kate Parker,amandakate
Amanda Kohatsu,haparican
Amanda Lawrence,miss.amanda.ann
Amanda LeMarble,sailoredge
Amanda Shay,iam_amandashay
Amanda Thompson #1,thamandashoww
Amanda Walker #1,onestrongdoc
Amanda Wolff,bigbadwolff24
Amber Abweh,swoleesi
Amber Herault,amberleiiigh
Amber Luci,amberr.alice
Amber Pauley,ampauley515
Amelia Mauritzon,ameliamauritzon
Amelia Onyshkevich,baplemacon
Amelia Wagenknecht,ameliapowerlifts
Amelie Mierger,ameliemierger
Amenah Razeghi,onestrongnurse
Amie Alexander,kittenbritchess
Amie Walters,amiewalters3103
Amila Dissanayake,amila_powerlifts
Amit Sapir,strong_training_strong_life
Amy I'Anson,amy_doesstuff
Amy Pollard,amyjanepollard
Amy Zager,thepartymeat
Ana de Joux,onekiwiana
Ana Lopez,ana_the_fierce
Anand Jobanputra,underdog.strength
Anand Patel,anandpulls
Ana Perez #1,ana_smash
Ana Rosa Castellain,anarosacastellain
Anastasia Lanz,anastasialanz
Anatolii Novopismennyi,novopysmennyi
Andrea Corder,the.destroyer725
Andrea Rodriguez,a_rozaayyy
Andreas Reiz,reizpower
Andrea White,supazanii
Andres Castro,ironkong_castro
Andre' Easter II,easterstrong
Andre Miranda,giantandre25
Andrés Gómez Rives,andresgr022
Andres Ramos,andres66kg
Andrew Anctil,andrewanctil
Andrew Arteagaharo,anjewww
Andrew Beeston,beesty
Andrew Cairney,andy_the_outcast
Andrew Desesa,andrew_desesa
Andrew Dinn,dinnnstagram
Andrew Dowrick,yeah.good
Andrew Hause,andrewhause
Andrew Herbert,herbietheluvbug
Andrew Hibbert,andyhibb89
Andrew King,andrew_king_ky
Andrew Le,doctafumanchu
Andrew Murphy #1,andrew___murphy
Andrew Murphy #2,amurph47
Andrew Ogden,oggie_froggy
Andrew Ottaway,weak_lil_guy
Andrew Pfefferle,atrain34946
Andrew Richey,andrewrichey215
Andrew Riddiford,andrewpt89
Andrew Sandoval,drewbsh56
Andrew Shahbazian,therealshahbazian
Andrew Sia,theawpsia
Andrew Smith #2,pretty_powerlifter
Andrew Turple,turps450
Andrew Weiser,weiserandrew275
Andrey Chernenko,andreyka_chernenko
Andrey Malanichev,andrey_malanichev
Andrey Sus,ivandrago_powerlifter
Andrzej Roszkowski,coach_wodyn
Andy Askow,andyaskow
Andy Bolton,andybolton1003
Andy Bosnyak,andyboz4
Andy Foster,bigunfromwigan
Andy Hargreaves,fatguywhodoesstuff
Andy Hernandez #1,andyeatsbutt
Andy Huang #1,that_hugeasian_guy
Andy Kershaw,andy_kershaw1
Andy Rigby,andy_rigby_500
Ange Galati,mrbench1
Angela Mayor,angie138
Angelina Hong,daughtersis
Angelina Kluczniok,powerlifting_angi
Angelo Alfano,angelow_bar
Angelo Turner,angelo_pwrlifter
Anna Cirmon,_anna_bol_
Anna Davis,annadavis_68lifts
Anna DuCharme,squattingunicorn
Anna Eggleton,anna_polefit_powerlifter
Anna Hourihane,pow_ah
Anna Khudayarov,annakhudayarov
Annalyese Zepeda,annazep
Anna Soler-Colome,kukume
Anne Sheehan,ifbbproannesheehan
Anne Sorvari,sorvaria
Ann Hardman,liftwithann
Annika Zelander,ackimacki
Annie Paladino,paladinostrength
Ann Vanderbush,avpowersports
Anthony Betcher,betcher94
Anthony Brandon,anthony_brandon619
Anthony Bui #1,ant.bui
Anthony Creatura,tonycreatura
Anthony Estrella,sirfistsalot__
Anthony Harris #1,tharris220
Anthony Hobaica,ant.hob_power
Anthony Iacoviello,andtoe_knee
Anthony McLeggan,anto365
Anthony Nguyen #1,fursure_va
Anthony Oliveira,anthonycw13
Anthony Salas,bigtone88
Anthony Sberna,sbernaslam
Anthony Scaife,tonyscaife
Anthony Thorn,thorn0024
Antti Savolainen,a_savolainen
Aoife O'Leary,aoifeoleary_1
Apollo La Mig,apollothemighty
April Disparte,holdingagreatbreath
April Heffernan,april_bp_lifter
April Howe,apesyjane
April Shumaker,aprilshumaker
Aria Attia,bigpoppachizl
Arian Behbehani,arian.b92
Arief Hunter,waterboy19
Arkadiy Shalokha,shalokha1983
Arlene Hernandez,femmefatale_strength
Arletha Phillip,platform.queen
Arlind Queriman,arlindthegreat
Armando Alaniz,mr_mrs_alaniz
Armando Carreon,ac_power07
Arnold Schwarzenegger,schwarzenegger
Arran Knott,im.knott.strong
Arran Sullivan,sul3726
Arthi Nithi,arthi.nithi
Arthur Lynch,arthurlynch
Artur Belous,arthurclash
Artur Chrzaszcz,beetlejuiced666
Asa Barnes,preacher_power_barbell_club__
Ash Roberts #1,ash_tec_diver
Ashchen Bean,a2b_fitness
Ashleigh Campbell,iron.ash
Ashleigh Satherley-Tua,theashleighkate
Ashleigh Uhl,ashleigh_uhl
Ashley Armstrong #1,ash_fitness95
Ashley Contorno,veggie_lifter
Ashley Cooper,coop_strong
Ashley Felton,ropable_snr
Ashley Garcia,bad_ash5
Ashley Gleckler,lawlift_az
Ashley Lepcin,barbells_and_bunnies
Ashley Murch,ashley_murch32
Ashley Nicole Yost,nicolemeetswrld
Ashley Taylor-Gouge,ashleyvse
Ashraf Alhasan,shrafsgym
Ashton Ewoldsen,ashtonewoldsen
Ashton Rouska,ashh117
Aspen Shirley,aspenshirley67
Athena Waldstein,_athenawaldstein_
Atishya Kamboj,tish_strengthcoach
Atomu Wakamatsu,atomwaka
Aubrey Hogan,ahogan_97
Austin Ayala,amichael165
Austin Baraki,a.z.b
Austin Beatty,au_g_beatty
Austin Evans,austin_evans32
Austin Forte,austin_forte33
Austin McHugh,mc_huge242
Austin Patkos,austinpatkos
Austin Rodenberry,austinrodenberry
Austin Skeens,askeens15
Austin Smith,alossforaus
Austin Souza,austins007
Auston Weinberg,theaustonw
Ava Horrigan,avahorrigan
A Yang,acer_yang
Ayngelia Ara,star_lift3r
Aysha Elayan,ayshahayleyy_
Babneet Dhillon,babdhillon
Bailey Montoya,ontherox57
Bailey Stettmeier,bailey.stettmeier
Barbara Lee #1,msbarbellbarbie
Barry Antoniow,canadapowerliftingcoach
Barry Pigott,smallfatdonkey
Baruch Sekenofsky,bo_powerlifting
Barzeen Vaziri,fattestillinoislifter
Bea Leung,bealeung
Beau Moore #1,beau.moore53
Beau White,white.beau
Becca Swanson,bigbeccaswanson
Beckett Scannelli,beckettscannellipwr
Beckie Hebson,beckiehebsonpt
Becki Pierotti,bpierotti
Beki Abraham,bekialexi
Belinda Moloney,bj_mo
Ben Borger,powpowbennyb
Benedikt Magnússon,benni_magnusson
Ben Gianacakos,bengianacakos
Ben Hales,benjihales
Ben Hernandez,ben_her_nandez
Benjamin Jenkins,benjenk1
Benjamin Kane,strengthandhonorfitness1
Benjamin Smith #1,dr.smitty_
Ben Karaosman,big_ben_powerlifting
Ben O'Brien,b3nobri3n8
Ben Pape,papepowerlifting
Ben Pollack,phdeadlift
Ben Puccio,benpuccio
Ben Rant,ben.rant
Ben Rice,ben.rice.10
Ben Sellars,ben_sellars_powerlifting
Ben Wharton,benji_wharton
Ben Winstone,thewhitejuggernaut
Ben Wright #1,coachbenwright
Bernie Northrop,bernienorthrop
Bethany Parker,beffparks
Bethany Pearce,bethpearcefit
Beverley Rodgers,bfitwithbev
B. Hubbard,B.Hubbard
Billa Hamilton,billahamilton
Bill Tenerelli,billbro_sandbaggins
Billy Phillips,powerbyphillips
Billy Redd,billybonelegztraining
BJ Whitehead,bj.whitehead
Blaine Houck,benchlikeblaine
Blaine Sumner,thevanillagorilla92
Blaise Sardanelli,blaisesardanelli
Blake Camilleri,blakey.au
Blake Horton,blakehorton23
Blake Taylor,rectus_abdominis
Blake Tobin,blake_tobin_
Blanca Villoch,blanca_villoch
Blaze Alpha,blazexalpha
Bobbie Butters,bobbie.butters
Bobby Morgan #2,bobbyralph3496
Bobby Purser,bobkeith3
Bobby Scott,bwscott89
Bob Fielding,bobfielding
Bob McClure,mcclure_powerlifting
Bob Merkh,merkh1776
Bob van den Boogaard,bobvandenboogaard
Bodie LaCoe,bodielacoe04
Bonica Brown,bubblypowerlifter
Bonnie Schroeder,bonschro
Boris Terry,nattygorilla760
Brad Abbott,brad.abbott.242
Brad Arbic,brad_arbic
Brad Castleberry,bradcastleberry
Brad Crawford,bhoss601
Braden Moss,frequent_username_changes
Braden Warwick,bwarmachine
Brad Ettinger,teambkepower
Bradina Anae,bradinaanae
Brad Lewis #1,stankbait68
Bradley Couillard,bradcoolyard
Bradley Heinss,bradleyheinss
Bradley Lemon,killerblifts
Bradley Nortcliffe,bnortcliffe
Bradley Scott,brad1310
Bradly Bechel,bradly_bechel_242
Brad Neitzel,kindafatkindastrong
Brad Shepherd,albertas_strongest
Brad Slining,pooklifts
Brady Curtin,bradycurtin
Brady Stewart,thebradystewart
Brandi Lloyd,brandiklloyd
Brandi Morrison,blooddrunk_vikingqueen
Brandis Dew,mass_moves_mass90
Brandi Sneed,juggernautprincess
Brandon Allen #1,brandon_allen88
Brandon Byrd #1,ibyrdman
Brandon Carpenter,lecarpetron275
Brandon Cintron,bwandon93
Brandon Combess,bcombess
Brandon Franklin,frankdaddy29
Brandon Lilly,brandonlilly3
Brandon Maddox #1,deathbysquat
Brandon Martin,bmartinpl
Brandon Perdue,perdueb84
Brandon Pierro,_orreip_
Brandon Scott #1,brandonangusscott
Brandon Simpson #1,machoman_brandysavage
Brandon Smitley,bsmitley
Brandon Stephens #1,mayhem.35
Brandon Stout,_brandonstout
Brandon Tan,princebundun
Brandon Turner #1,brandingo_t
Brantley Thornton,brantleythornton
Brea De Jonge,breadejonge
Bree Smith,bree_nexusph
Brendan Wulf,big_badwulf
Brenden Foust,king_of_squatt
Brendon Chaithoo,brendon_chaithoo
Brent Drake #1,cdrexcod
Brett Barrett,brettbarrett80
Brett Benedix,brettbenedix
Brett Chrisman,brettchrisman
Brett Gibbs,bg_waiweight
Brett Hiller,brett.hiller
Brian Cain,powerlift_hunter
Brian Carroll,briancarroll81
Brian Cook,briancookpl
Brian Crosby,bcroslifts
Brian Goldstein #1,deadlifts_and_donuts
Brianna Bowers,BreeCheezze
Brianna Fenske,briferrari_
Brian Naidicz,bnaidicz13
Brian Pham,phambri
Brian Reed,brianscottreed
Brian Ross,komodo_br
Brigot Pugh,pow_apuff_
Brin Hasan,brin_hasan7
Briony Williams,brionylifts
Brittainy Chown,britt_chownstrength
Britta Maggard,britta_maggard
Brittany Lowery,ozarkbarbelle
Brittany Pryor,jadessence
Brittany Schlater,bertlebee
Brittany Shackelford,brittany_shack
Brittany Suplicki,brit_suplick
Brodie Blankenship,brodie.blankenship
Brody Laybolt,brod_da_toad
Brogan Williams,brogansamuelwilliams
Brónagh McPeake,killerbee_eire
Bronwen Blunt,bron_strong
Bronwyn Taylor,vikingprincess_x
Brooke Kowalczyk,brooke_gpclifter
Brooks Cuzick,brooks.cuzick
Bruce Knox,knoxpowercompany
Bruce Lockaby,batmanlockaby
Bruce Mason,masonbruce308
Bryan Hartman,still_lifting_after_50
Bryan Hartsel,trapslikemountains
Bryan Mutek,bryanmutek
Bryan Opitz,Agent.0086
Bryant Dilda,worldsstrongestvolleyballcoach
Bryan Wong,brywonglifts
Bryce Alig,bryce_alig
Bryce Krawczyk,calgarybarbell
Bryce Lewis,bryce_tsa
Buffy Ralls,fit_life_buffy_sts
Burley Hawk,burleyhawk
Byron Walker,byronrwalker
Cailer Woolam,doctor.deadlift
Caitlin Cardone,upstate_caitlin
Caitlyn Dunlap,lilpowerbuilder
Caitlyn Schuft,caitlynironmaiden
Caleb Tincher,deadlift.mcgee
Callan Gibbons,callangibbons
Callum Crozier,calsyerpal
Callum McGovern,callum.mcgovern_pl
Callum Pearce,callumsenpai
Callum Rollo,thepitgymbishop
Cambre Sorensen,camcaboose
Cameron Collins #1,cameronthetwin94
Cameron Leslie,almostcameron
Cameron McKenzie,camstrength
Cameron Smith #2,carltonpiggybanks
Camille Holland,camilleholland
Cammilla White,camyw
Candace Puopolo,candace_woj
Caomie Ludgate,caomie.ludgate
Caprice Flores,honeyblifting
Cara Cable,progress.not.perfection
Cardell Oliver,rawpoweratl
Carina Davis,quadzilla619
Carla Fink,carla_fink
Carl Jones,carljon.es
Carlos Courtney,carlosthemachine91
Carlos Leon,carleon44
Carlos Moran,thewinterwolves
Carlos Nunez,uncle.chuck
Carlos Reyes #1,creyes55
Carl Thompson #1,carl.thompson
Carly Lawes,carlydeanlawes
Carmela Smythe,littlemightymama
Carmen Crooks,carmencrks_
Carmen Daldry,rock_kitty84
Carola Garra,carolagarra
Carolina Dillen,carli_dillen
Caroline Acoca,carolineacoca
Carrie Grissinger,mrssquatsalot
Casey Williams #1,thecaseywilliams
Cassandra Haynes,cassandra.deanna
Caterine González,catpowerlift
Cat Hawkins,kitty.lifter
Catherine Croydon,catpowerlifter
Catherine Graham,_catgraham
Catherine Smith,catsmith95
Catherine White #1,_catherinewhite
Cathrin Kugler,kaethe.mirabell
Cathrin Monika Silberzahn,cathi.si
Ceasar Amado,cezzzus
Cedric Rebullar,thecedricrebullar
Ceejay Byam,ifbbceejaygarner
Celia Gomez,celiasomethinggood
Chad Hammond,meatpower45
Chad Penson,kingpensonlifts
Chad Walker,cwalkershw
Chad Wesley Smith,chadwesleysmith
Chakera Ingram,c.c_ingram
Chance Mitchell,chancemitchellpbc
Channing Doyle,channing_doyle
Chantal Pearson,chantal.pearson
Chan Wai Meng,tiny.stone.giant
Charisse Surio,chuhreese
Charity Rogers,charity_jolley
Charles Anderson #1,anderchuckinc
Charles Auta,samuri.jackd
Charles Binkley,charliebink1ey
Charles Okpoko,charlesokpoko
Charles Pike,charles._.pike
Charles Wood-Shelhamer,clint_beast_wood
Charles Yarrington,csyarrington
Charlie Caron,charli3caron
Charlie Chester,charlie_chester_powerlifter
Charlie Dickson,cdickson3245
Charlie Mendez,cha_cha62
Charlie Ritchie,charlietuna6
Charlie Shin,reps_for_jesus
Charlie Shotton-Gale,charliesgale
Charlie Wilson,charliewilstrong
Charlie Yeng,charlieyeng
Charlotte Brass,thelittlemushroom_training
Charlotte Kershaw,charlottekershaw
Charly Joung,charlton_banks
Chase Mann,chasemann13
Chase McDougall,chase.pl
Chay Boare,oldbeanboare
Chelsea Cluett,chelscluett
Chelsea Savit,savvysavit
Chelsey Logue,cl_powerlifter
Chenney Tran,aznfatcow
Chentee Tyler,ladybeastchenteetyler
Cherry Yeung,cherryyeungg.g
Cheryl Campo,chaku57
Cheyanne Pelletier,nh_warpony
Chhanchhaya Chham,chhaya_the_moonlight
Chiara Allen,redheadstrong
Chico Cloyne,chicocloyne
Chin Siang Too,trulysuperman
Chleo Van Wyk,chleo_v_wyk
Chloé-Jade McDonald,cj2392
Chloe Whylie,whyliecanlift
Chris Bartley #1,old_mephistopheles
Chris Billups,chrisbillups
Chris Bridgeford,bridgeford242
Chris Ciotti,cciotti
Chris Cooley,stockytattedgemini
Chris Crisman,chriscrisman_bigbear
Chris Della Fave,_americanheartthrob_
Chris Derrick,chrisderrickpowerlifter
Chris DiMeo,mr.mojomeat
Chris Duffin,mad_scientist_duffin
Chris Dunn,m10ak3y
Chris Etherington,veganpowerlifter
Chris Garcia,chrisxrobinson
Chris Gordert,chrisgordert
Chris Hughes #3,barks_n_barbells
Chris Hut,heyimchrisnotdennis
Chris Iwanowski,chris_iwan
Chris Janek,tankstrainingfacility
Chris Jones Sr,training_to_inspire
Chris Kershaw,chris_kershaw_strength
Chris Lane #1,thebiglaney
Chris Lentini,lentiniliftsheavy
Chris Lepp,chrisleppp
Chris Lindsay,chrislindsay_56kg_mast1
Chris Meadows,deadlift_frankenstein
Chris Mitchell #1,preworkoutz
Chris Moody #1,chris_mewdy
Chris Morris #1,mr_chitafa
Chris Noble,cnoble88
Chris Nugteren,papa_c_fit
Chris Paschal,tr3ndingtopik
Chris Phelps,chrisphelps298
Chris Pugh #1,cpugh7
Chris Ramos,chrisramos007
Chris Robinson #1,crxfitness
Chris Ruden,chrisruden
Chris Stamatiou,critta_
Chrissy Castellano,chrissygainz
Christian Anto,ant_toe
Christian Aquino #1,aquiyess
Christian Habihirwe,chestnificent
Christian Kearney,ya_im_dat_dude
Christian Matos,christiantomatos
Christian Murphy,c_alexander75
Christian Rojas,deadliftsandpaws
Christian Sanguyo,masterch1ng97
Christian Wallace,cwally132
Christian Wilkin,c_wilkin25
Christian Williams #2,cdubpower
Christina Hauck,christina56
Christina Peracchi,chrissymaxpower
Christina Valeri,meanteen1226
Christine Beauchamp,omnomnomnomcookies
Christine Castro,sneakersoverstilettos
Christine Caswell,benchpress_princess
Christopher Aydin,aydin_tsa
Christopher Blanquera,chrisblanquera
Christopher Dang,cdang4
Christophe Rebreyend,chreizr
Christopher Karmin,cm_k40
Christopher Kasabian,crispy_chris09
Christopher Nicolai,ronald.ulysses.swanson69
Christopher O'Bree,10obreestoff
Christopher Park,chrisgeonyoungpark
Christopher Vann,vann_man
Christopher Wichtl,bigwichtlpowerlifting
Christopher Wong,chris_strong_wong
Christopher Young #1,youngpowerlift
Christy James-Moser,christy_in_id
Chris Tyrrell,christopher_tyrrell
Christy Senay,krispy_kremez
Chris Weist,unleash_the_weist
Chris Welty,chrisweltyfatpowerlifter
Chris Wood,cwood0304
Chris Yim,yimdatgymrat
Chrystal Williams,chrys_will_lift
Chuck Driscoll,chuckdriscoll
Chuck Kaezyk III,cfkthree
Ciarra Hutton,ciarralifts
Cillian Hurley,cillian_hurley
Cindy Tilton,Full_Tilton
Cindy Tran,cindyystrong
C.J. Maloy,pwrlftr
CJ Mendoza,youremyheroine_
Claire McKenzie,claire.rex
Claire Sear,claire.lifts.91
Claire Taylor #1,strong_like_momma
Claire Vize,builtlikeabarn
Clare Patterson,clare.mairead
Claudia Garcia,ohhshititsclaudia
Clay Edgin,swolebiz
Clayton Harrell,clayton_harrell
Cleary Clifford,cleary_clifford
Clifton Pho,clifton_pho
Coco Tang,cokes518
Codey Williams,superman_powerlifting
Cody Brady,codybrady5
Cody Carpentier,carpentier_120kg
Cody Hoffman,codyiak_bear
Cody Lefever,thefeverfever
Cody Massey,cmass2225
Cody Nolen,swollennolen
Cody Ray,codywray9811
Cody Robbins,newegro
Cody Tormoehlen,codytormoehlen
Cole Barton #1,dethronepowerlifting
Cole Everett,cole_everett_powerlifting
Cole McCutchen,cole_mcchicken
Cole Niblett,swolegiblett
Colin O'Brien,colinobrien11
Colin Power,colin_powerlifter
Colin Wright #1,colywright
Colleen Fitzpatrick,colleendf
Collin Curtiss,colesoswoll
Collin Grant #1,cgrizzle1523
Collin Whitney,ct_whitney
Colton Hurley,churley.93kg
Colton Magers,colton.magers
Conal Nicholls,thicc_papii
Conner Branch,conmanbranch
Conner Young,conneryoung28
Connor Burkhill,iconnor3
Connor Logue,logiebear_
Connor Lutz,clutz_cbb
Connor Marston,strongmancon
Connor Mason,atlas_short_story
Connor Walsh,connorwalsh_powerlifter98
Conor Devilly,shedlifts
Conor Gelston,cgfitness89
Conor Neilly,conorneilly
Cooper Wage,wagepl
Cora Pavan,cpavann
Corbyn Arnold,arnold.corbyn
Cordarius Harris,stay2ready
Corey Britton,coreysmash
Corey Crook,deprimo
Corey Kamsrikerd,coreykampl
Cortez Gardner,officer_gymaddict
Cort Severns,cortseverns
Cory Weisbeck,cp_double_u
Coty Collins,cotycollins22
Courtney Jenkins,claj_1991
Courtney Norris,fueledbyiron
Courtney Smith #1,ironcourt
Craig Malkowicz,gotmalk_
Craig Orwin,craigorwin
Craig Wallis,thebeardedanarchist
Craig Wolsey,grey_lifts
Criselda Fajardo,criseldabrah
Cristian Valdez,cris_valdez4
Cryssa Dragon,cryssaboo
Crystal Tate,ctate87
Crystal Trace,crystal_trace
Curtis Hudson,el_lobo_solo_
Curtis Miller #1,curtismiller_sc
Cynthia Keyes,sinners_palace
Cynthia Leu,cynthialeu
Cyprian Thompson Jr,bobby.booshay
Dae'Shaun Thomas,thevillanbigdae
DaeVon McFarlane,von_strength
Dagan Williams,dagan_williams
Daine Hish,hish.daine
Daisymay Reyes,i_am_daisymay
Dakoda Gayne,keg_with_abs_the_2nd
Dakoda Plumridge,dak_strength
Dal Gains,dalgains
Dallas Bey,beigeboybey
Dallas Jordan,dallyboy_479
Dalton Cissell,dcissell5
Dalton LaCoe,53kglifter
Dalton Mullinax,keeperofthegainz
Damian Nam,damiannam_
Damien Pezzuti,damienpezzuti
Damir Matecic,cro_sensei
Damiyah Smith,powerhouseprincessok
Dana Applegarth,dapple_
Dana Linn Bailey,danalinnbailey
Dan Brooks,danbrookspowerlifter
Dan Brunt-Murphy,bruntmurphy220
Dan Cocker,danthegrappler
Dane Dillon,danejdillon
Dan Green,dangreenpowerlifter
Dan Harold,harolddan
Dan Holly,dholly88
Dan Howard #1,dan_howard50
Dan Hurley,dans_fighting_gravity
Danial Jones,danialjjones
Daniel Bedford,bedford_strength_systems
Daniel Bell #1,dbell_74
Daniel Clarke #1,danclarke47
Daniel Clements,danlsann
Daniel Coles,doctorpudge
Daniel Cook #1,daniel_e_cook
Daniel Duncan,daniel._.duncan
Daniel Kranitz,danielkranitz
Daniella Melo,daniellamelo
Daniel Lara Madrigal,daniel0lara
Daniella Tuimatai,della.powerlifter_doublethick
Danielle Campbell,danielle_micro_lifter
Danielle Columby,danielle_rose27
Danielle Couture,dee.couture
Danielle Firth,danielle.r.firth
Danielle Malcolm,dm.powerlifter
Danielle Massingill,ladybeast1991
Danielle Menniti,dmenniti
Danielle Overcash,danicashdpt
Danielle Pressler,fit_miss_dani
Danielle Reid-Clavelle,becauseredsaid
Daniel McCaughey,specificptdani
Daniel McLoughney,dannydumbbells
Daniel Morgan,dan56morgan
Daniel Nguyen,imthenguyener
Daniel Nichols,danpowerlifts
Daniel Olajiga,dt.strong95
Daniel Reardon,chiefton110
Daniel Rodriguez #1,dan_rod14
Daniel Romeo,_danielromeo
Daniel Sherman,sherman_strength
Daniel Sturge,thors_follower_son_of_turgis
Daniel Thrasivoulou,dan_fraz
Daniel Wade #1,rawmuscle242
Daniel Walton,danielw1312
Daniel Watson #1,dpwatto
Daniel Whittall,danwhit_pl
Daniel Worsley,danworsley1
Daniel Yost,thatlargehuman
Danilo Ward Granados,danwardg
Dan Kovacs,dankovacs2500
Dan Lass,danwlass
Dan Mason #5,mason74kg
Dan Matsushita,dan_matsu
Dan Neundorf,darksydeshw
Danny Le,dxnnyle
Danny Lima,danny_l1ma
Danny Potter,dannydptraining
Danny Rodriguez #1,thisisd_rod
Dan Stephenson,idealstrength
Dan Stewart,danstewartpk
Danyell Anderson,_damnyella_
Daphne Zhang,daphne_wants_a_6pack
Daquan Sisco,d_sisco516
Dara Browne,the.hungry.skeleton
Darcy Morrissey,miniaturethor
Darlene Phan,thelemoncookie.lifts
Darragh Mulcahy,darraghmul
Darrell Swift,swifty1972
Darrell Winter,darrell_winter
Darren McCormac,deadliftbear
Darren Sokluski,drock_david
Darrin King,darrinking79
Darryl Triance,darryl_george_triance_
Daugintas Blekaitis,beyourownhero_athletics
Dave Beattie,dave.bulldog
Dave Bouchet,dbouchetm8
Dave Govico,davegeez
Dave Hoff,mr.3k14
Dave Soffen,dsoffen
Dave Tate,underthebar
David Aldworth,davidaldworth
David Alexander #1,davie.alexander_strongman
David Chanthabandith,imdaveyy
David Chilcutt,davidlchil
David Clifford,dacdac65
David Coimbra,professordavidcoimbra
David Douglas,davidthebeastdouglas
David Gray,davidgray_lionpaw
David Han Lee,davidhanlee
David Herrera #1,davidherrera1119
David Isenberg,mr.isenberg
David Jasiulewicz,thepowerturtle
David Jenkinson,dave.jenkz
David Joplin,joplinsbd
David Knight,ironknight18
David Lomeli,lomeli198
David Lotito,davelotito
David Martinez #4,de_msbd
David Morris,dam_the_gorilla
David Osborn #1,daveatops
David O'Sullivan,davidodeadlift
David Patterson #1,dpatterson7070
David Raymond,davethebarbarian16
David Ricks,ricks.david
David Sablin,sablindavid7777
David Shelton,dshel_11
David Shirley,davidshirleyspf
David St. Romain,teamfreak318
David Thompson,officialtommyguns
David Todd,thumpa_todd
David Troutt,dtrouttpowerlifter
David Van,lil_hangrylifter
David Watson #1,deadliftingdavid
David Wiedenkeller,davidandthegym
David Williamson #1,bigdave_senior
David Woolson,davidwoolson
Davy Capriles,davydoesntdocardio
Dawn Bogart,dawnbogart
Dawson Windham,dawsonwindham
Dayle Longford,dl_fitnessrhyl
Dayna McNeal,versus_myself
Deamo Baguga,d.baguga
Dean Bowring,deanbowring
Dean Chung,deanrilla
Dean Panopoulos,deannyweenie92
Dean Patient,deanpatient74
Dean Sabawo,sabawo.lifts
Dean Wyatt,dean0wyatt
Deborah Carmody,liftstuff
Debra Hofer,bench_press_barbie
Declan Dilley,macdilley22
Declan Marbus,declanmarbus
Deirdre Fenlon,deefenlon
Dekwan Elfizgha,dkwand
Delroy McQueen,delroymcqueen
Delvin Jennings,dellydel_hoodgains
Delyn Moua,iam.deemo
Demerrius Slocum,nightwatch_dee
Demietrich Baker,dboybaker
Denise Herber,deniseherber_
Denise Juarez,denise.maryjane
Denis Feise,denisfeise
Denis Grebenchenko,grebenchenko_denis
Dennis Arnold #1,freakie_d_0550
Dennis Bitetti,dennisbitetti
Dennis Chen,chensthetic_fitness
Dennis Cieri,heavyd500plus
Dennis Cornelius,denniscornelius500
Dennis Mak,dmak137
Dennis Rudolph,djrandolfs12
Derek Akunne,akunne_matata
Derek Dickinson,dderelick
Derek Gibson,fatboy_powerlifter_74
Derek Keiser,keiser_strong
Derek Miller,arstrength
Derek Ng,deadlifding
Derek Viet,derekdtrain
Derek Winans,winans05
Derek Worden,drock_lift_n_throw
Derick Bolin,dbolin47
Derick Douglas,metalheadderick
Derik Bailey,derik.bailey
Derrick Benjamin,body_by_derrick_llc
Derrick Chance,its_blasian
Derrington Wright,derringtonwright
Desiree Eay,des.eay
Desmond Coleman,the.real.coleman89
Devin Gordon,devin.bs
Devin Wiggins,wiggins_70
Devon Overall,thaoverall
Devon Richards,dbuilt
Dexter Jones,_dex_jones_
Dhiren Dunraj,deeyouevenlift
Diane Day,deadliftsfordonuts_
Didzis Zarins,zarinsdidzis
Dillon Anderson #1,danderson1310
Dima Rumanov,dimarumanov
Dimitrios Rallis,rallis_dimitris
Dmitry Inzarkin,inzarkin_dmitriy
Dmitry Nasonov,_nasonov_d
Domenick Minnici,dom_minnici
Dominic Toovey,domtoovey
Dominik Pahl,power.pahl
Dominique Fisher #1,dommielouise
Dominique Toney,toney_montana1
Donald Eguires,a_large_mammal
Donna Bradbury,donnaloubrad40
Donnie Ross,donnie.ross.242
Donnie Thompson #1,thompsonbowtie
Donovin Reyes,thstrongest
Douglas Lisle,douglisle
Drew Cheatham,zookeeper_d
Drew Heckman,heaint_heavy
Drew Leggett,stillnutting
Dulan Jansze,idulan
Duncan Sharp,dsharp_benchmostly
Durell Cull,superd1121
Dustin Cyr,the_og_dmoney
Dustin Kueck,d_kueck
Dustin Lillie,beard_and_iron
Dustin Reed,i.know.squat
Dustin Sixkiller,forgotten.warrior
Dustin Slepicka,imthatguyyouveneverheardof
Dustin Speed,dustin_speed
Dwayne Sigh,olmanstrength
Dwayne Thompson,wombat1988
Dylan Braasch,dylan_braasch
Dylan Goldberg,goldberg.dylan
Dylan Hellriegel,dylan_hellraiser
Dylan Mayer,dylliemays
Dylan McKinney,_dylan.m_
Dylan Moldovan,dylan.moldovan
Dylan Moltoni,dylanmoltoni
Dylan Nelson,swole_shady
Dylan Norman,dylan_norman__
Dylan Polo,dylanpolo__
Dylan Potter,dylanpotter99
Dylan Trollip,dylan_trolley
Edan Davey,edandavey
Ed Anton,anton.ed
Ed Coan,eddycoan
Ed Collins,ed_collins3
Eddie Berglund,strongeddie
Eddie Ryckman,fast.eddie_181
Eddie Taylor,musclemantaylor
Edgar Acevedo,the_rgvheavyhitter
Edgaras Kreipavicius,edgaras_edk01
Ed Knoblock,ed.k52
Ed Koo,ed_koo
Eduard Khanjyan,eduardkhanjyan
Eduard Moreno Curto,edu_powerlifter
Edward Alicdan Jr,jralicdan
Edward McGovern,trippy_em
Edward Obakhavbaye-Hanson,oba_hanson
Edward Owen #1,ed_owenpl
Edwin Nash,edwin_nash92
Elena Popadic,ellepops_
Elena Viscomi,elenamarie5
Elfie Higson,elfiehigson
Eli Burks,eliburks3
Eli Mayne,elimayne24
Eliot Page,the_mutant92
Elizabeth Ciortuz,pwrliz
Elizabeth Craven,lizpowerlifts
Elizabeth Fragione,elizabethfragione
Elizabeth Grundy,maddog_grundy
Elizabeth Pipe,lizziepipe
Elizabeth Renaud,zaza_renaud
Elizabeth Turner #2,strong_queen_pwlift
Elizabeth West,westandweights
Ellen Seidel,ellen.seidel
Ellen Smith,ellenvsgravity
Ellen Stein,w8lifter222
Ellie Steel,xsteelxfitness
Elliot Burton,physique.academy
Elliot Leadbeater,elliotleadbeater
Elliot Stone,elliotstone_
Elliott Shults,ell_diabloooo
Elliot Wuorinen,el_wuorinen
Ellissa Hull,ellissahull
Elspeth McLeod,elspethmcleod
Elyse Lovelace,je_lovelace
Emad Nayef,beatsoftheboss
Emery Mullen,emery_mullen
Émilie Morin,strong_memine
Emilio Címbora Acosta,cimbora_fit
Emils Solmanis,esmupliks
Emily Burgess,_emburg
Emily DeMorest,em_powerfit13
Emily Greenway,emslifts
Emily Hu #1,amithebenchbrah
Emily-Jane Sheppard,emilyjanesheppard
Emily Lin,linbarbell
Emily Lloyd Whittington,emilysplanet_pl
Emily Nguyen,myaemily
Emily Norley,emilynorleypl
Emily Smith #1,emilymsith
Emily Williams,emzpower
Emma Goodwin,egoodwin87
Emma Hall,power_puppiesandpoles
Emma Ife,ifeisshort
Emma Irwin,emmairwinn
Emma Jarman,emma_gofigure
Emmanual Ioane,bigus082
Emmanuel Bravo,thewhiterhino_
Emmanuel Hernandez #1,_juicy_hernandez
Emma Stott,deadliftsbeforedudes
Emma Taylor,emmalouisebeautaylor
Emma Wisdom,em_wizzfit
Emma Zilberman,makeyourmark_fitness
Emmet Metzger,emmet_metzger
Emmy Louise,emmylouisepowerlifter
Enno Langelotz,liftinginseville
Eno Majomi,eno5050
Eoin Rice,eoin_rice_1810
Epifanio Solano Jr,solankong
Erbol Nauanov,erbolnauanov
Erica Cooksey,thomasthebunny123
Erica Wilson-Lee,jusss_shay
Eric Banks #2,sir_manly_mchandsome
Eric Bryce,ebryce22
Eric Gonzales #1,bigburrito303
Erick Garcia,erickgarcia1995
Erick Lewis,big_bo_lewis
Eric LaMotte,the_trystero
Eric Leon,ericle0n
Eric Lilliebridge,ericlilliebridge
Eric Loyola,fu_blown
Eric Pierce #1,ericnpierce
Eric Quindipanda,quindipanda
Eric Ranney,animalrane
Eric Sabag,eric_fitness_trainer
Eric Schwartz,naturalguy1
Eric Semifero,bigsemi
Eric Spoto,ericspoto
Eric Stephens,hamster_breath
Eric Stone,2xlpowerlifting
Eric Tyler,SvvoleXPapi
Erika Hipwell,erikahipwell
Erika Stevens,e.stevens11
Erik Bentley,erikbentleypowerlifter
Erik Crouch,ragin130
Erik Karlsson #1,_erik_karlsson
Erik Mata,erikmatapowerbuilder
Erik Sutterlin,eriksutterlin
Erik Willis,erikwillis
Erin Barrientos,elena.gainza
Erin Cartwright,errin_rae
Erin Chiasson,erinchiasson8
Erin Kellar,diamonds_and_barbells
Erin Palma,erinbp_fitness
Erin Stanton,erbeary88
Ernesto Ruiz,big_e_train
Ernie Lilliebridge Jr,ernielilliebridgejr
Ernie Lilliebridge Sr,ernielilliebridgesr
Esa Janara,esa_janara
Esmie Tseng,esmietee
Estela Peña,emppowerwoman
Esther Lee,fueled.by.donuts
Esther Rimmer,biomech.pl
Ethan Dew,ethanos__
Ethan Fudge #1,iamsirbeefcake
Eugene Mccourt,genomccourt
Eugenia Tashquinth,fancylulu7
Eva Dunbar,evalaurabelle_ifbbpro
Evan Chaffey,evanchaffey
Evan Glasgold,evanglasgoldpowerlifting
Evan Lemons,evanx10
Evan McCloy,whotookmeethed
Evan Mensing,evan_mensing
Evan Sarti,heavyliftingevan
Evan Snydman,evansnydman
Eve Lundmark-Bourke,evielundb
Evelyn Garcia,evelyngg13
Everett Henes,lift_boldly
Everly Blank,blankeverly
Evie Corrigan,beeevie
Ewa Januszkiewicz,ejanss
Exal García Carrillo,exal.garcia
Ezekiel Fecher,ezekielfecher
Faaris Sheikh,faaris_60
Fabbio Hu,faabbiohu
Fabian Baum,fabian_d_baum
Fabian Gerritzen,power.physio
Fabien Ho Ching Ma,fab00ty
Fabio Torres Cabral,wolfaaab
Faith Landreth,almightyfaith_
Fallon Lowery,flowery423
Faustino de Groot,faustinodg
Faye Sheridan,fayesheridan_
Fay Northcott,faynorthcott
Felix Flores #1,_felixflores
Félix Gagnon,fel_gag
Ferdinand Luis,ferds_the_word
Fernanda Vaccaro,vaccaromf
Flip Silva Jr,texas_freak
Forest Thoreson,forest59kg
Forrest Bush,forrestbush
Forrest Osborne,osbornejr_
Foster Parnell,fosterparnell
Francesca Harrison,pbsallround
Francesca Paraz,swoleprincessfp
Francesco Catalano,f_catalano
Francesco Columbu,francocolumbu
Francesco Virzi,headcoach_virzi
Francisco Herrada Benete,menacha_strength
François Merland,toujours_en_force
François Pham,mistatuan
Frankie Kemp,long_rom_blackbeard
Frankie Pu,frankiepu
Frank Luna #1,frankkk_da_tank
Frank Tran,tran.sports
František Šuška,frantisek_suska
Frazer Marriott,marriott_performance
Frazer Pennington,powerlifter_fraz
Freddie Isherwood,fred_lifts
Frederick Hannie,chirolifter
Freya Hammer,freyathehammer
Friederike Hoppe,coronaschwester
Friedrich von Hennig,_mevsgravity_
Frode Gundersen #2,gundersen.frode
Gabby Duchesne,gabbyduchesne
Gabriel Kerr,ameri_kerr
Gabrielle Ervine,gabi1822
Gabrielle Mamani,pumping.fe
Gabriel Velasco,rocknrollmurderer
Gage Carreon,ga_jajaja
Gareth Smith,gazfit_pt
Gariq Johnson,gariqj
Garmez Parks,gfifdeep
Garrett Bailey,bottesy
Garrett Blevins,garrettblessings
Garrett Fear,garrettfear
Garrett Griffin,gunz504
Gary Bone,gdb211
Gary Brewer,gbrewerpower
Gary Croft,iron.croft
Gary Hunter #1,ghunter_champ
Gary Martin,gmart98
Gary Miller #1,garymillerfitness
Gavin Havard,gavinhavard
Gavin Shinn,gavinshinn
Gawain Johnstone,85gunit
Gehad Quraan,geethept
Geina McGrath,the_smiley_powerlifter
Gemma Lucas,gingerlifts
Gemma Marks,little_miss_lockout
Gemma Surtees,gemmasurtees
Gemma Wright,gemgems_92
Genelle Vanderschantz,gvanderschantz
Geoff Joyce,lifting_daddy_fogo
George McKee,mr_mckee_89
George Olteanu,george.olteanu7
George Purchase,gpurchase_fat
George Seeger,georgeseeger
Gerald Dionio,tiny_n_tuff
Gerald Rogers,da_powerlifting_carebear
Geramy Alexander,g.a.powerlifting.181
Gerard Frederic-Lama,gerard_lama
Gerren Short,blacklexluger
Gerry-Lee Pierre,gerryleepierre
Giacomo Moritz,littlemusclesmoe
Gianluca Iarrusso,gianlucaiarrusso
Gian-Pierre Lopez,j.p.lopez_24
Gillian Millward,cgsbarbell123
Gillian Ward,gillianwardathlete
Gina Aversa,ginahalfwolf
Giorgia South,giorgialifts
Glenda Kelly,glendakelly
Glenn Baggett,old_man_powerlifting
Glenn Hansen,coachglennhansen
Gloria Luong,xgloriohz
Gonçalo Pereira,gpowerlifting.wpc
Goran Lackovic,grow_with_goran
Gracelynn Doogan,somewhatalbino
Grace Stilgoe,gracevsgravity
Gracie Vanasse,gracievanasse
Graham Hicks,grahamhickswsm
Grant Brown,zieggystardust
Grant McEvansoneya,grant_powerlifter
Grant Roberts,grantroberts1990
Grant Shelton,grant_shelton1997
Granville Mayers,granvillemayers
Grecia Torres,thebeast_powerlifter
Greg Lewis #1,gregmlew92
Greg Marcou,greg.marcou
Greg Nuckols,gregnuckols
Gregory Johnson,maroonroo
Gregory Paterson,gregorybpaterson
Greg Panora,big_papi_panora
Greg Probert,gregprobert
Greg Stevens,diabefit
Greg Van Olm,greg_vo_powerlifter
Greg Wise,gwise90
Greig Murray,greig.murray1
Greyson Loweecy,greysonstrengthscs25
Griffin Jennings,jennings198
Griffin Spence,griffinspence_
Griffin Walizer,griffinwalizer
Guillermo Blanco,gmo68
Guillermo González López,guille_power
Günther Salbeck,kracher32
Gurhan Gurler,powerlifter_man
Gurnaik Birring,gee_birring
Gustav Hedlund,gustav.hedlund
Gustavo Teixeira,gainzgoblin
Guy Page,accelerationperformancesc
Hafiz Verdiyev,hafiz_verdiyev
Hafþór Júlíus Björnsson,thorbjornsson
Haidar Majzoub,haidarbrah
Hailee Markey,haileesdemondeadlifts
Hailey Kostynuik,haileykosty
Hailie Slack,hailiespt
Hairul Aidil Fadzlee bin Mohd Kasim,fadzleehairul
Haley Hill,lil_swole2
Haley Randall,haley_randall_lifts
Halldór Jens Vilhjálmsson,halldorjens
Hampton Pelton,hampgoesham
Hamza Anwar,smallbeast98
Hani Jazayrli,hani_tsa
Hanna Alvarez,bigbootybonquiqui
Hannah Anderson,hannah_health_n_fitness
Hannah Beaven,beezer5886
Hannah Chan,hannahchan921
Hannah Ferris,aminomassive
Hannah Holmes,findyourhabit
Hannah Nguyen,misshannahhamsters
Hannah Philp,hanphilp33
Hannah Smallwood,hannah_smallwood
Hannah Stephenson,pineapplehannah
Hannah Wierzbowski,thighrannosaurus.rex
Hanna Rantala,hanna_rantala
Harley Hughes,meathead1993666
Harold Spetla III,sirgramsalot56
Harol Molina,hmolina_2
Harrison Fleetwood,harry.fleetwood
Harrison Stickelman,harrystickelman
Harry Bowman,harry_b_fit
Harry Glass,harry_the_screamer
Harry Sugden,harrysuggypowerlifting
Harshi Dassanayake,harshiyd1990
Harvey Robinson,farmerrobinson
Hassan Zaid,performancedoctor
Hayden Bowe,hayden.bowe
Hayleah Pickford,hayleahlp
Haylie Kosanouvong,hayliemichelee
Hazel Hu,hazeline_hu
Heather Connor,heather.e.connor
Heather Davidson,bench_babe
Heather Murray,pretty.powerful
Heather Porter,porterteach
Heather Vona,hvona
Heidi Hille Arnesen,heididenville
Heidi Howar,mommy_n_ry_lifts
Helena Humphries,helena.strong
Helene Faccio,helene_merc
Helene Tremblay,queenofmean_
Helen Ferguson-Ford,mrshelenff
Hendrick Famutimi,supermanhf
Henrik Edström,henrikedstrom
Hieu Le #1,hieu_le
Hifon Smith,hogebobi
Hilary Schiraldi,hil_schi
Hildeborg Juvet Hugdal,hildeborghugdal
Hinewai Pouwhare-Anderson,hinewaiwai
Hira Teirney,hira_t
Hiroki Ikegami,hiroki.ikegami
Holly Baxter,hollytbaxter
Holly Beidelschies,hollylynn888
Holly Bryans,hollzzyyx
Holly Davis,lil_lifter_holly
Holly Singer,manis_and_muscles
Holly Smith,hollydollyisawally
Hugo Duarte,fullhdlifting
Ian Bell,iandeadlifts
Ian Benson,ianbenson3
Ian Kristman,ian____kman
Ian Matthews,jewstar613
Ibrahim Dridi,idstrength
Ida Rönn,idaaronn
Ielja Strik,powerstrikkie
Igor Bahtjak,igor_bahtjak01
Igor Matsko,matsko_igor
Igor Urievich Umerenkov,igorumerenkov
Ikechukwu Onuoha,jujupower1
Ingrid Barclay,ingridbarclay
Inna Filimonova #1,filimonovainna555
Ionut Timis,timis_powerbuilding
Irene Aguilar Sánchez,mocmocnope
Irina Kern,irina
Irina Vitman,irina.vee93
Iris Espinosa Hidalgo,lunadevainilla7_
Iris Scholten,irislifts
Isaac Baik,baiknbulk
Isabel de Berrié,lurkinglifter
Isabel Figueroa,izzy_lifts
Isabella Martin,dadanddaughterlift
Isabella von Weissenberg,ivweissenberg
Isabelle Bausch,isalifting
Isabelle Materne,isa_kdk
Isaiah Vaba,liftbear
Ispandiyar Kairzhan,the_future_of_strength
Israel Fuentes,novaflash921
Itzel Volino,itz.vo
Ivana Horná,ivana_horna
Ivan Podrez,podrezivan1100
Ivan Ryabenkov,ryabenkov.ivan
Ivey Pascua,ivey_pascua
Ivy Knight,girlswhopowerlift
Iwona Gibas,iwona_gibas
Izzy Greenblatt,izzygreenblatt
Jabez Burford,jabez_burford
Jacinta Denham,jacintadenham
Jack Busch,physiojack_
Jack Coyne,gymrat0216
Jack Fleming,jackkfleming
Jackie Chan Yong Heng,jcmusclebuildingcom
Jack Johnson,jackk_johnson_
Jack Kennedy,jackasaurus_93
Jack Morrow,jack_the_deadlift_ripper
Jack Music,jackmusic242
Jack Schuyler,sack_jchuyler
Jackson Drew,jaxdrew_
Jackson Hinch,beast_builder
Jackson Jaeger,jaeger_strength
Jackson Murrie,jacksonmurrie
Jackson Spencer,jackson_spencer
Jack Suljevic,jacksuljevic
Jack Young #1,jackmotivate
Jac Lewis,jlpowermuffin
Jaclyn Do,jaclyndo
Jacob Craig,shake.an.jake
Jacob Downes,donutbarbell
Jacob Hughes #1,jacobhughesfitness
Jacob Kinkade,deadlift_heathen
Jacob Kurant,jacobkurant
Jacob McBride #1,the_iron_rook
Jacob Moore,jb_moore32
Jacob Pinkston,mr_always_maxouts
Jacob Schauer,disciplinegymcrew
Jacob Vopat,odin_witness_this
Jacob Wallace,arrogantfool
Jacob Welch,jacobwelch2008
Jacob Winstead #1,jacob.winstead
Jac Quarisa,_jac_attack_
Jacqueline Wickens,jwicky9
Jacques Williams,jock_ll
Jade Cooper,coopa__troopa
Jade Cranwell,_miss_jadey_strong_lady_
Jaden Lacaria,jadenlacaria
Jaden Poole,jaden_poole98
Jaeger Low,jaegernawt
Jahvarn Heremia,jahvarnpll
Jaime Cortés Heredia,jaimecorher
Jaime Marquez,el_chorizo_mal_amarrado_
Jaime Turcios,strongisland_barbarian
Jaisyn Mike,mr.athletic_over_everything
Jake Allison,5tronger
Jake Bagwell,jakeliftsthethings
Jake Benson,jakeyb_43
Jake Brennan,legathron
Jake Frazier,jakefrazierpowerlifting
Jake Hartman,hartmanstrength
Jake Heidenreich,jakeheidenreich
Jake Immerman,poweredbyrage
Jake Johns,bigscboy
Jake Simpson #1,jakealexnder
Jake Thiele,jakeisalwaysright
Jakob Trest,trest.official
Jamaar Alexander,jam_a_gram
Jamal Browner,jamal_b15
James Aitken,james_liftking
James Chapman #3,james_chapman_powerlifter_m1
James Dollman Jr,jmdollman
James Dudley,jamesdudley
James Duff,heresmejames
James Dunn #1,valhallamuscle
James Edwards #1,jamesedwards1984
James English,_jamesenglish
James Fowler,gainz4dayz_
James Gibson III,james.robert.gibson242
James Grant #1,granticusrex
James Kinzer,james_kinzer2
James Koenig,jimmyray610
James MacDonald #1,gorillamac
James Matthews-Williams,rwfgym_james
James Mooney,jamesmooneygc
James Ortiz,jimmymacktruck
James Percy,oreothor
James Rowe,thecoachjamesrowe
James Sayers,jimmysayers93
James Searcy,no_quit_searcy
James Skinner,flexjs
James Stevens,jrule2
James Strickland,swimhack
James Taylor #1,jimmythepoo
James Vang,hmongpowerlifter
James Varner,google_me_beech
James Wakefield,wakefield5523
Jamie Bisset,strongbiz
Jamie Christenson,jamiepoppchristenson
Jamie Whitehead,james.whitey
Jamie Winter,jwsfpt
Jamila Owens,jamilaemani
Jamison Faith,faithinthemethod
Jana Hayes,jahemian
Jane Girdlestone,g_i_jane75
Janel Vegter,jcvegterlmt
Janette McClain,janettermac22
Janine Martin,janinemachine
Janis Finkelman,janisfinkelman
János Rajmund Nagy,nagyjanipowerlifting
Jan Tenbusch,jan_tren
Jared Bratcher,jaredbratcher
Jared Brown #1,supermassive_black_swole
Jared Frick,jaredfrick
Jared Martin #1,the__albinorhino
Jared Scott,jared.scott83kg
Jared Skinner,drjskinner2315
Jasmin Benzant,alphafemfit
Jasmine Hoare,jasminelee1987
Jasmine Saenz,jasmine.saenz7
Jasmin Treimer,jasinmotion
Jason Coker,jcoker220
Jason Coultman,jasoncoultman_strengthcoach
Jason Frawley,frawley49
Jason Holmes #1,jaseholmes
Jason Hunton,jase_hunton
Jason Lai,quadrisaurusrex
Jason Lambert,jason82999
Jason Legrand,jaselegrand
Jason Manenkoff,jasonmanenkoff165
Jason Pennell,jpennell85
Jason Schrauth,jason_power_beast
Jason Sciacca,jasonsciacca
Jason Toner,jtvse
Jason Vicente,zabinjay
Jason Zecchini,friedzecchini
Javier Garcia #1,eliteraw2200
Javier Ortiz,jortiz51
Jawon Garrison,the104th_avenger
Jay Brueggeman,jayman998
Jaycee Cooper,jayceeisalive
Jaycie Dunshie,jaycieaubreydunshie
Jay Hollingsworth,321strengthsystems
Jay Nera,jayneezy2100
Jay Oliver,mrolitwist
Jay Semifero,jaysemi181
Jazmine Franks,jazzfranks
Jeanelle Baldric,jeanelle.pwr
Jeanie Shellman,_jeaniie_
Jeanilee Sumagaysay,jenjitsu83
Jeanine Nutter,lilnuttbutt
Jeanine Whittaker,jwhitt206
Jean-Luc Badon,jeanlucbadon
Jeff Barnes,bigbarndoor
Jeff Cotter,senorcotter
Jeff Crosby,jm_crosby511
Jeff Frank,jeff.frank
Jeff Johnston #1,jeff_w_johnston
Jeff Justo,friffstar
Jeff Krause,eclipse.74
Jeff Meade,uncle_jiff_peanutbutter
Jeff Nippard,jeffnippard
Jeff Spawton,jayspaw
Jeff Younker,babyhuey2k
Jen Hazzard,boones_mom
Jen Juico,juicy_j9624
Jenna Hoffman #1,jennarhoffman
Jennessa Labbate,jennessaann
Jennifer Castile-Powell,jennie_greenz
Jennifer Harrington,jenniferxharrington
Jennifer Hobbs #1,jhobbs1512
Jennifer Luther-Thomas,missjenguin
Jennifer Millican,jenmillican
Jennifer Reeder,jennydeeree
Jennifer Thompson #1,jenthompson132
Jenn Rotsinger,jrotsinger
Jenny Sutherland,missjennylifts
Jensen Kierulff,jayrilla
Jen Smith,powerliftersdiary
Jeremiah Johnson,jeremiahwjohnson
Jeremy Avilla,jeremyavilla
Jeremy Brown,cr.brown77
Jeremy Cox,jeremyacox1
Jeremy Goss,jeremygoss138
Jeremy Hamilton,jeremyhamiltonswife
Jeremy Hoornstra,hoornstra_strong
Jeremy Oleson,jeremyxoleson_
Jeremy Thibodeaux,hotnastystrong
Jeremy Willis #1,jw_bentbarstrength
Jeris Hall,jeris.hall3
Jerry Adkins,tator2k
Jerry Pritchett,jerrypritchettstrongman
Jerson Manalo,jmnalo
Jesper B Mikkelsen,jesper_bundgaard
Jesse Anderson,bigjess775
Jesse Bumpus,jessebumpus
Jesse Burdick,jesseburdick
Jesse Lanuevo,deadliftgod
Jesse Littleton,ironviking6
Jesse Moores,jessemoores_
Jesse Moran,jesse.moran1
Jesse Norris,jessenorr
Jesse Page,kamiakumetsu
Jesse Rodgers,southernpowerlifting_jesse
Jesse Shelton,stayxpuft_btb
Jessica Arent,liftingjess603
Jessica Ayala #1,jesc651
Jessica Belt,jess_belt921
Jessica Benedetto,jbenedettopower
Jessica Brown #1,bitchcraft13x
Jessica Brownlee,iamjessie.b
Jessica Buettner,djessicabuettner
Jessica Fargnoli,jfpowerlifting
Jessica Fletcher,jessfletch08
Jessica Ford #1,TheIronDiva
Jessica Giannina,jessicalynngiannina
Jessica Hollinger,jess_michelle11
Jessica Okimura,jayyy_whyyy_ohhh
Jessica Pallot,jesspallot
Jessica Piper,irfpdotnet
Jessica Pippen,ladypippen
Jessica Reeves,justlittlejessdoingfitness
Jessica Sklar,silentblackwidow
Jessica Slivinski,jess_sliv13
Jessica Thompson #1,jaythom_nz
Jessica Vien,jess.lift.it
Jessica Woodward,lift_like_jess
Jessica Zukowski,jessiczka_z
Jessika Byrd,lookitsabyrd
Jessy-Ray Conlon,__jessyray
Jesús Castañón de la Fuente,jesus.power.80
Jesús Javier Quirante Pérez,javierquirante
Jesus Morales #1,jesusmorales2525
Jesús Ruíz Ortiz,jesusruizo
Jetter Lewis,jetterlewis
Jezza Uepa,jezzauepa
Jihad Mardini,jihadthechamp
Jillian Lew,jillian_lew
Jillian Phillips,quadjilla41
Jill Mills,1jill_mills
Jim Benson,warriorelite49
Jim Corvin,utkaveman
Jimmie Pacifico,pacifico_power1
Jimmy Drozd,jdiesel73
Jimmy Nguyen,jimmy_herostrength
Jimmy O'Toole,jiimmyotoole
Jimmy Paquet,jimpaquet
Jimmy Villanueva,jimmy_villan
Jim Nuttall,jimnuttall790
JJ Romanowski,roman2jj
Joah Iannotta,iron__empress
Joanna Rieber,littlejo.r
Joanne Greagen,joanne_greagen
Joanne Wainwright,j_powerhouse
Joao Lazarin,jlazarin_165
Jodie Burford,jodie_lanae
Jodie Cook,cookiewhirls
Jodie Sajor,jsajor71109
Joe Beer,fullstrengthbeer
Joe Ceklovsky,jackdupp148
Joe Coursey,the_traveling_warrior
Joe Francisco #1,ciscokid_ep
Joe Greene,joe.greene91
Joe LaMariana,joe_the_sauce
Joe Larger,largerjoe
Joel Baiz,wreckit_joel
Joel Dircks,joeldircks
Joelle Savgy,joelle.pl
Joel McCaughan,strength_geek88
Joel Shell,floatlikerock
Joe Lyons,ploeynase
Joe Morrow,_southernsuperman_
Joe Nathan Ornelas,joe_the_bull_24
Joe Seiden,trashcan_joe
Joe Sullivan,joesullivanpowerlifter
Joey Byler,joebylr
Joey Madia,joeyygunns
Joey Ma,flatbenchjoe
Joey Reid #2,j_reid05
Joey Tango,pootietango
Johanna Hübenthal,jojohuebii
Johanna Platt,johannamiriam
John Alvarez,johnalvar3z.nj
Johnathan King,john_the_no_kneed_squatter
John Cambra Jr,fiftybarbell
John Chappell,thedeadliftdaddy
John DeLuca,johnnyd_559
John D Jones Jr,j_rock_86
John Fayer,fayerjw
John Haack,bilbo_swaggins181
John Halloran,skiing.highlander
John Helton,helton_lifts
John Huderson,lanimal_sama
John Leonard,jleonardjr
John Marsden #1,john_marsden_u105kgstrongman
John Mazza,nutellastrong
John McGowan,mrjtmcgowan
John Mylott,jfmylott3
John Oso Vervelakis,ironosopowerlifting
John Paul Cauchi,5trong
John Petrizzo,johnpetrizzo
John Pineda,jrpineda.prvl
John Reynolds,jdreynolds3
John Rivas,ghengis_john
John Scott #1,john_scott16
John Severson,skaterjohn121
John Sharpe,john_sharpe_pl
John S. Jones Jr,johnsjonesjr451
John Wright,johnwright_97
Jo Kelly,jo_k3lly
Jonah Liwag,jonahliwag
Jonah Varughese,jonahtv
Jonathan Akagha,jayyyy99
Jonathan Bedard,alphajonathan
Jonathan Busby,jonathan_busby_
Jonathan Cayco,league_of_lifting
Jonathan Chunn,jchunn88
Jonathan Clark #1,jon_mexico
Jonathan Clark #2,jonzillo
Jonathan Cotton,cottonsense
Jonathan Davis #2,skrong_mcgee
Jonathan Dilgen,dligenzzz
Jonathan Forsythe,fozzygym
Jonathan Garcia,jonathangarcia_66kg
Jonathan Harder,become_a_beast_181_2k
Jonathan Hurley,hurley.strength
Jonathan Kelly,gpaw_kelly242
Jonathan Rodgers #1,jonisradical
Jonathan Vicente,jvbrz86
Jon Idelson,jonathan_idelson
Jon McKinstry,snowflake_acid
Jonnie Candito,canditotraininghq
Jonny Gardner #1,jonnyg_1980
Jon Wawro,wonjawro
Jon Wilkinson,0bijonkenobi
Jordan Alexander,joalexander24
Jordan Bryson,jblifts_
Jordan Buchla,gi_joe_barbie
Jordan Conrad,juicysgym
Jordan Faria,jordan_faria
Jordan Feigenbaum,jordan_barbellmedicine
Jordan Jarrell,dadbod220
Jordan Lawler,chromedome1709
Jordan Lucas Brown,whiteronnie_
Jordan McLaughlin,jordmcl
Jordan Partington,jordanpartington
Jordan Shallow,the_muscle_doc
Jordan Walters,jwcompound
Jordan Wong,wongstwong
Jordi Lafontaine,jordilafontaine
Jordi Snijders,jordisnijders.nl
Jorge Pérez Córdoba,jorgeperezcordoba
Jory Kunzman,knightime2010
José Carlos Morales Rodríguez,jc_thesituation23
José Manuel Tordesillas Villarrubia,jmanuelvilla
Joseph Adamo,joseph_adamo1
Joseph Anaglia,k1ng_maui
Joseph Benoit,skwatbenchdeadlift
Joseph Cappellino,bigjoecapp
Joseph Echeverria,joey.echeverria
Joseph Favia,j.favia
Joseph Franzo,joeyflexx7
Joseph Hale,josephhhale
Joseph Jordan,joe.jordan22
Joseph Kopito,_the_ape
Joseph Medina,josephmedinapro
Joseph Morse,joseph_morse
Joseph Mundo,mundo.inc
Joseph Nielsen,joeybuff
Joseph Park,dialect1luv
Joseph Peña #1,_hollapena
Joseph Robinson,kilos_n_calories
Joseph Shepard,joeybagsadonut
Joseph Sisombath,josephsisombath
Joseph Walton,joseph.walton.90
Joseph Whittaker,whittakerpowerlifting
Joseph Williams,jowilliams0032
Jose Salgado,josesalgado90
Josh Banks #1,dr_jbanks120kg_dpt
Josh Brown #1,joshgorillabrown
Josh Caldwell,the_juicebox_
Josh Conley,josh_bigginsbrother1_conley
Josh Conroy,j.conroy242
Josh Edwards #1,uldredd
Josh Ellis #1,bearjewjosh
Josh Elsass,elsass77
Josh Enmark,stupidlystrong
Josh Foyle,josh_foyle
Josh Gage,_joshgage
Josh Goschnick,themilkybarkid97
Josh Gregory,joshgregory33
Josh Hancott,joshhancott
Josh Kelly #1,kells2020
Josh King #2,josh_king242
Josh Lentz,jlentz220
Josh Maish,josh.maish
Josh Marosi,josh_marosi25
Josh McClintock,mcclintock_38_jmm
Josh Morris #1,joshmmorris24
Josh Nalder,joshnalder
Josh Rayson,joshrayso
Josh Smith #3,shitheadnation
Josh Stottlemire,josh_supzillahilliard
Josh Tait,joshtait
Joshua Bensur,deadlifts.and.chill
Joshua Biernacki,jbiernacki77
Joshua Black #1,bigweesh
Joshua Cannon,jooshcannon
Joshuacarn Metuariki,joshcarn
Joshua Earnest,jearnest81
Joshua Eaves,jeavespls
Joshua Greenfield,josh_pwrlftr
Joshua Greminger,jgfitoz
Joshua Hawk,joshuahawk96
Joshua Longoria,kia.kaha66
Joshua Luis,nj_hulksmash84
Joshua Luu,luujoshua
Joshua Mardini,JMPowerlifting
Joshua Prior,joshuaprior__
Joshua Rodda,the_walls_of_jericho_training
Joshua Young,j_youngbfit
Josh Walker #1,walker2212
Josh West,joshwest88
Josiah Moya,josiayyy
Josue Garzoria,garzoria98
Josue Rodriguez,mynameis_sue_howdoyou_do
Jo Whiteley,stoneface_pl
Joy Nnamani,j_nnamani
JP Carroll,jp_carroll_fyfm
JP Price,jplifts_sbc
JT Deaton,jt.deaton
Julia Bringans,squatz4sushi
Julia Kunzner,julia.kunzner.powerlifting
Julia Mills,juliamillsstrongwoman
Julia Moller #1,juliamollerr
Juliane Bosse,deadliftprinzessin
Julián Leganés De La Fuente,julianleganesdela
Julian McKerrow,365muscleuk
Julia Sweet,eagle6_198
Julia Thornton,dojuevenlift
Julia Vins,julia_vins
Julie Brookfield,jkbambii
Julie Klenkler,bundesbizepsministerin
Julien Comte,jucomte
Julio Alberto Cañete Jiménez,julioacj
Julio Serrano,fookin_kris_jul
Julius Erwin,juliusstrength
Julius Maddox,irregular_strength
Jun Jie Ng,lift_ng
Justin Baker,5star_justin
Justin Beringer,just_in.b
Justin Bethune,justinbethune22
Justin Bonaparte,Justin.Bonaparte
Justin Byrnes,byrnes_justin
Justin Cherocci,jjcherocci
Justin Guinn,justinguinn10
Justin Hensley,justin_babalu_hensley_
Justin Herder,herderjd
Justin Howells,justinhowells541
Justin Infante,justin.infante_
Justin Jackson,klimaxx
Justin McGarvey,comicstrong
Justin Music,justinmusic72
Justin Smith #1,justinsmith902
Justin Smith #2,swolefit92
Justin Solko,biz_swolko
Justin Sorenson #1,justin_sorenson97
Justin Vester,justin_vester119
Justin Waldorf,smalldorf
Justin Wilson #1,jwils_mtnbkr_pwrlftr
Justin Zottl,jzottl
Kade Weber,kadeweber2150
Kadie Crichton,kadielc27
Kaela Dark,kaela_strong
Ka Ho Kwok,kahokwok55
Kai Blumberg,grbmlb
Kai Caswell,kaicaswell
Kai Ma,howmuchdoyabench
Kai Manfred Eckert,daubornbarbell
Kaine Boudreau,kaineboudreau
Kainon Clark,kainonclark
Kai Rossbach,kairossbach
Kaitlin McCanless,kaitlintattoos
Kaleb Collins,kalebthetwin94
Kaleb Singh,donuts_and_headbutts
Kalen Thorn,kalenthorn
Kali Archipley,kilo_lima_alpha
Kalle Räsänen,kalle_rs
Kam Lee,kaminhlee
Kane Latham,kanefknlatham
Kareem Baassiri,kareeembaassiri
Kareem Browne,megaskoreem
Karen McDonnell,karenhasaface
Karen Tvedt,karen_tv
Karina Mosqueda,karina.crystal_
Karl Hjelholt,thegreatwhiteorc
Karl Kumm,kdrporkchop
Karly Kaufman,karlykauf
Karrie Macknair,k__mack
Kate Bethune,katebethune
Kate Hart,bratsy_cline
Kate Holt,monsta_supps
Katelyn O'Donnell,k_odon
Katelyn Romine,fitnesskate3
Kate Mitchell-Parker,katemitchellparker
Kathryn Kahdy,kahahdy
Kathryn Mohide,kathryn.1991
Katie DeMartino,katiemarie8596
Katie Hogan,katiehogan777
Katja Babič,katie.powerlift
Katja Broxtermann,katjabroxtermann
Katja Haindl,katidiary_
Katja Piscitelli,fitness_katja
Kat Reinier,psykohsys
Katrina Baltazar,katrinerh
Katrina Bielomyza,hurricane_katrina_bielomyza
Katrina Dajano,kattypops
Katrina Sweatman,weightykate
Katrishia Lee,kitty.meowers
Kat Secor,katsecor
K'Aunica Byrd,kb_insanefitness
Kawika Kahalehoe,kawikatkahalehoe
Kayla Anderson #1,lackluxx
Kayla Forcier,kaylaforcier
Kaylin LeMelle-Thomas,fitdoc_life
KC Mitchell,that1legmonster
Keeta Davis,keetamaree
Keeten Jones,jonesstrength
Keith Baker #1,keith_apl
Keith Baker #2,big_redsc
Keith Correa,itschiefkeith
Keith Kanemoto,squat705
Keith McHoney,kmacpower
Keith Rodriguez,noisycricket85
Keith Valeros,valerospl
Keith Waldman,waldman42
Kelley Christopher,kelleyfit
Kelley Sturm Spohrer,kelleysturm
Kelley Wolfe,insaneinnovationsllc
Kelli Ennis,kelli.akiko
Kellin Lee,dieselmonster_275
Kelli Sanders,k3llisanderspl
Kelly Branton,great_white_north_juggernaut
Kelly Duffy,pwrlftgrrl
Kelly Gibson Bateman,k.k.gibson
Kelly Phasey,kelphay
Kelly Vogel,kelvogel
Kelsey Brown #1,kelsey_brown
Kelsey Horton,kelseyhorton1989
Kelvin Truong,kasfamilia
Kendra Joaquin,kenjashenna
Kenia Monserrate,nia2291
Ken McLean,powerswole
Ken Morris,kenlimitlesssc
Kenneth Coleman,kennethcoleman_sts
Kenneth Nwaezeigwe,kennethnwa
Kenneth Zimmerman,kenny.lift
Kenton Blackburn,kentonb24
Kerrie Price,kerrie_p_strong
Kerri Skladan,deadlifts_and_diamonds_
Kerry Jones,kerrytats
Kerry Lee,kerrylee2977
Kerryn Siems,kerryn.siems
Kevin Emboltura,kemboltura
Kevin Gray #1,lil_mr_squat
Kevin Hu #1,kevnhu
Kevin Jäger #1,kev333jaeger
Kevin James #1,kjames037
Kevin Lesniak,heavykevy_120kg
Kevin Manning,kevin_manning35
Kevin McHugh,mchuge655
Kevin Oak,oakstrong
Kevin Ondrich,donkevin285
Kevin Papaj,p_a_p_a_j
Kevin Torres,pitbull_torres
Khalil Kreidieh,the_shawarman
Kiara Humble,kiarahumblepowerlifter
Kibria Ali,m.kathletics
Kienan Willard,proteinfartz_
Kieonna Peake,kpeakefitness
Kieran Gray,krn_gry
Kiersten Scurlock,scurko_bangz
Kimberley Cowell,kc_pl
Kimberly Behzadi,kimpossiblepl
Kimberly Einstein #1,barbellsnbabies716
Kimberly Walford,trackfu
Kimberly Zimmerman,kimburlyz
Kim Gustafsson,kim_lsk
Kimmy Brooks,kimberland22
Kimmy Johnson,kimmyjohnson22
Kim Tran #1,agentvalentine
Kirill Sarychev,sarychevkirill
Kirk Bankert,kirkbankert
Kirk Karwoski,kirk_karwoski
Kirstie Armstead,kirstiearmstead
Kirstie Robinson,kirstierob
Kirsty Illsley,__kirstymarie__
Kjell Egil Bakkelund,kjelllbrell
Klarizze Montemayor,klarizze.fm
Kloie Doublin,kdoublive
Kody Blazek,deadliftingandstuff
Kole Metts,koledmetts
Konrad Burghardt,konradburghardt
Konstantīn Konstantīnovs,kk_powerlifting
Konstantin Morozov,konstantin.morozov.754
Konstantin Pozdeev,pozdeevk
Kotchaphan Mai-On,pla_maion
Kris Lewis #1,catchsumzs
Krissy Medina,kmystk81
Kristen Dunsmore,kriis_d
Kristian Barit,artkrstnb
Kristina Kanemoto,krissyypoo
Kristine Almroth,kristinealmroth
Kristine Brown,grinding_4_depth
Kristin Wykoff,wykoff_lifts
Kristof de Coninck,kristofdc85
Kristopher Ellis,krisellis32
Kristopher Freeman,kristopher_freeman
Kristy Hawkins,kristy_hawkins
Krzysztof Wierzbicki,mr.deadlift
Kurt Roudebush,roudebushkurt
Kyle Agner,kyledagner
Kyle Alexander #1,mr_squat_a_pony
Kyle Banks,kbpowerlifting
Kyle Brennan,b.rennnan
Kyle Bresnan,kylebresnanslifts
Kyle Brown #2,kybrown181
Kyle Chase,thekylechase
Kyle Coogan,kylecoogan
Kylee Craig,platinumpowerprincess
Kyle Evans #1,kyle.m.evans
Kyle Hendricks,khendrickspower
Kyle Hunt,huntfitness
Kyle Johnson #1,kylej7793
Kyle Kendrick,k.r.k14
Kyle Keough,kylekeough165
Kyle Kirby #1,kylekirby_fit__
Kyle LaTorra,kylelatorra
Kyle McKee,fit_coachkyle
Kyle Miller #1,kyle_kevman_miller
Kyle Milnes,kjmilnes_astc
Kyle Rozendal,powerkyleclaud
Kyle Sheridan #1,sheridanstrong
Kyle Sheridan #2,hermionegainser
Kyle Stewart,kylebenches
Kyle Tripp,cub_lifts
Kylie Brewer,kylie_brew
Kym Murray,kymmurraypl
Lacey Massari,littlelaceylulu
Lacey Mesley,_the_lace_
Lachlan Antoinette,lachyantoinette
Lachlan Green,lachgreen
LaDell Erby,ladellerby
Ladislav Kašpar,garryhnusak
Laken Fluegel,lift2bawesome_
Lanae Shockley,broccolishockley
Lance Hickey,lancehickey
Landon Hicks,lwhicks3
LaRodrick Duncan,drugfreemonsta
Larry Schuck,larry_schuck
Larry Williams #1,larrywheels
Lary McEwen,bigcat.10
Latonia Sumuel,__beyond__average__
Laura Bailey,lc_baileyy
Laura Berry,bezzaboos
Laura Hartley,teach_fit_hartley
Laura Howarth,laurahowarth
Laura Imperatori,laura.imperatori
Laura Loft,lauraloftx
Laura Mastroberti,laurettapl
Laura Phelps-Sweatt,queenbeepower
Laura Pratz,lplifts_
Laura Rodríguez Real,lauraaclassic
Laura SanBoeuf,withoutbeef
Laura Sgro,pocketrocket_booom
Lauren Aitchison,codeine_and_icecream
Lauren Broadwater,yougonlern2day
Lauren Cabrera,lc_cabrera
Laurence Shahlaei,biglozwsm
Lauren Chisom,laurenmechele
Lauren Dyer,laurendyer18
Lauren Elder,lauren_elder89
Lauren Green,laurenkelliegreen
Lauren Rooney,lauren_strength_militia_system
Laurie Maranian,tiny_gym_rat
Laurie Radler,laurieradler
Lawrence Anilao,renstrength
Lawrence Calabrese,ldcalabrese
Lawrence Maday,enzo127
Lawrence T. Nyberg,tylernyberg
Laymomi Ka'ahu,laykekoa1
Layne Norton,biolayne
Lazaro Rodriguez Jr,strengthetics
Lazarus Rios,lazleaders
Leah Davis,leahrmt
Leah Gitterman,coach.leah.g
Leah Kiblin,hybridchic
Leah Lutz,leah_barbellmedicine
Leah Reichman,leahreichman
Lea Kannowsky,strongleali
Leam Trehearne,ltreeh
Leanne Pearson,leanne__pearson
Learna Lee,lovelifting_85x
Lea Schreiner,baandita
LeeAnn Hewitt,hewittleeann
Lee Clarke,leeclarke7
Lee Gates,gates_the_destroyer
Lee Mortimer,lee_formulasupps_mortimer
Lee Powell,lpowell_181
Lee Seeley,seeleyle
Leeza Watts,leeza_watts
Leigh Wetheridge,leigh_wetheridge
Lenard Jones,lenardj18
Lenka Suchankova,lenka_squats
Lenny Wicks,wicks.fit
Leonardo Sucitra,cg_lionheart
Leon Brown,leon_brown_powerlifter
Leonetta Richardson,manainsidev2
Leon Oyaro,lurkerleon
LeRoy Walker,lwthemachine
Les Grills,arseflip
Lesley Bowen,lesleyellen
Leslie Evangelista,leslie.t.evangelista
Leslie Myers,chilla_saurus
Leticia Fernández,letiwpc_gutiteam
Levi Cater,levicater54
Levi Perez,largelikelevi
Lewis Board,lewis_board65
Lewis Ireland,lewisireland92
Lewis Kelly,kellylewis_105
Lewis King,losaquosmanos
Lexie Enmark,lexieenmark
Liam Courtney,liamcourtneypl
Liam Hinchliffe,l.hinchi
Liam Salmon,liam_lifts
Liane Sabourin,lianesabourin
Lianne Brook,lianne_brook
Libby Blair,libby_thepowerliftinggranny
Lien Percy,lienpercy
Lil Bianchi Kimble,lil_kimble_
Lilyann Napitupulu,swolelils
Lily Erskine,hashtagheavy
Linda Badillo,nursetnt
Linda Chan,musclemaus
Linda Franklin,56franki
Linda Hicks,lush_hicks
Lindsay Small,smallsquats
Lindsey Taylor,ltaylortrainer
Linus Lim,linus.p.lim
Lisa Alaniz,mr_mrs_alaniz
Lisa Bulcock,lisabeee10
Lisa Guggisberg,lisaguggisberg114
Lisa Hall,lrboxerfan8
Lisa James,lisajames1985
Lisa Jurakovich,lisajurakovich
Lisa Nguyen Johnson,fitnessmamma_of_twins
Lisa Tai,mulan.lifts
Lisa Wilson #1,lmwbxr
Liszette Ortiz-Rosado,lilyrosado_
Lizette Salgado,lizardd05
Lizzy Terry,lizzytez
Lloyd Chugg,lloydchugg_
Logan Chapman,logan_chapman_
Logan Cleary,logancleary68
Logan Durham,lmdurham20
Logan Emery,biglifter92
Logan Leverett,logan_leverett
Loni Nguyen,the_loni_life
Lonnie Atkins,csubigshow
Loraine Baraki,loraine_barbellmedicine
Louie Ortiguerra,louie_xcell
Louie Simmons,westsidebarbellofficial
Louis Beaumont,mighty_lou_91
Louis Colling,scientifical.liftyboy
Louise Kenna,louisekenna
Louise Richardson,louisehrich
Louise Sugden,loulousuggers
Louis Tucker,louisgtucker
Lowell Clemonts,lojclem_strength
LS McClain,lsmcclain
Lucas Banks,lucasbanks161
Lucas Birkby,lukebirkby
Lucas Hügerich,farmerstrength
Lucas Martin,lucasmartinfit
Lucas Sosebee,_sosa55_
Lucian York,toobigformyshirt
Lucia Puricelli,luciapuricelli
Lucie Thompson,mzlucille
Lucinda Stansfield,cindatraining
Lucy Jackson,lucyanne_pl
Ludovick Gagnon,lgagnon1337
Luigi Fagiani,luigifagiani
Luis Valentin,biglou84
Lukas Dudenas,coachlukas
Lukas Gärtner,i.am.gee
Lukas Nering,lukasnering
Lukasz Kalinski,kali005
Luke Bennett,lukejbennett
Luke Conboy,lukeconboy
Luke Corcoran,lukecorcoran
Luke Dixon,luuuuuukey
Luke Dreier,ldreier_bigiron
Luke Dreifurst,bigboy_55_
Luke Edwards,lukeedwards5xs_pro
Luke Faulkner,faulky_pl
Luke Gardner,lukeg342
Luke Graham,luke_kilograham
Luke Harrison,lukedbs7
Luke Litchfield,litchfit
Luke Nall,lukenall56
Luke Poli,lukepoli
Luke Richardson #1,lukeerichardson
Luke Rogers #1,luke_rogers_74
Luke Selover,pbnluke
Luke Tolman,luke_tolman_powerlifting
Luther Nzinga,g.s.training
Lyndall Vile,lyndallvile_co
Lynette Ritchie,powerlifting_lyn
Lynzi Shepherd,lynzisinsta
Maaike de Vries,maaike_de_vries
Maariyah Tahir,ms_hencherz
Mabelle Bong,mabesmysashimi
Mackie Fleishman,saiyan.strong
Macy Armstrong,ironmacy86
Madai Nguyen,power_margie
Madaline Keast,madalinekeast
Madeleine Forberg,maddyforberg
Madison Shoebottom,madisonshoebottom
Maeve Cummins,maeve_cumminspt
Maggie Kuhn,maggie_l_kuhn
Mahailya Reeves,mahailya_myshelle
Maliek Derstine,maliekderstine
Mallory Bailey,bodybyramen93
Mallory Rowan,malloryrowan
Mallory Smith,fivefoootfury
Mani Owugha,manipower1
Manjot Jassal,manjotjassal
Manuela Bakker,mina_bakker
Manuel Chagolla,_mannypants
Manuel Prieto,bigredmanny
Mara Rosenfeld,leetlemara
Marcel Boeglin,moccy_powerbuilding
Marc Flores,d0uevenlift
Marcin Kaleta,kaleta.marcin
Marco Galindo,marcogalindojr
Marcos Fernández Martínez,powerlifter700
Marcos Rivera,marco.rivera14
Marc Sanchez,legendofmarc
Marcus Hernandez #1,mighty_mouse04
Marcus Hicks,hicksy.88
Marcus Kay,marcuskay96
Marcus Leoni,marcus.leoni
Marcus Morris,marcusmorris15
Marcus Parkus,marcus.parkus
Marcus Sannadan,filipinothunder
Mareen Schmeelke,mareeni1991
Marek Remiszewski,forty_year_lifter
Margaret Hampton,maggiee_ham
Margarita Galaktionova,margarita.galaktionova
Margarita Lisoboy,ritalisoboy
Margit Lehoczkyne Fawal,macapowerlifting
Maria Gonzales,pokey.lifts
Maria Greenan,magsy88_
Mariah Corke,mariahcat
Maria Htee,maria_htee
Marianna Gasparyan,power_mayan
Marianne Kosonen,mariannekosonen
Maria Ramos,maria_ramos_powerlifting
María Rodríguez Cuenca,rockingsneakers
Maria Sanchez #1,sanchezstrong
Maria Solis,mamamarias86
Marie Hauschild,marie.hauschild
Mariella Fisher,mari3lla_pl
Mariia Panferova,pinochka77
Marina Cornwall,marina_cornwall
Marina Misuric,marina.misuric
Mario Falcon,puro_positive
Mario Flotta,fit_flow_88
Mario Risso,sons_of_mars
Marisa Drew,marisadrew_
Mariša Golob,marisagolob
Marisa Inda,marisainda
Marissa Heeb,heeb_squatzzzz
Marius Milla,deadliftgorilla
Mariusz Pilinski,mariusz_pilinski_powerlifting_
Mark Bell,marksmellybell
Mark Brandenburg,gearlesspower
Mark Burnette,comfortably_gnome_
Mark Chieco,mchieco
Mark Comiskey,built_tolast_fitness
Mark Dowling,dowlingmark
Mark Hennessey #2,markhenn88
Mark Henry,themarkhenry
Mark Ironfield,ironfieldpowerlifting
Mark Jarrell,marka.jarrell
Mark Langley,markfails
Mark Macqueen,markmacqueen2
Mark Melancon,smmelancon
Mark Miller,ironmafia_4brosgym
Marko Huzjak,whozjak
Mark Plummer #1,the_jacked_ric_flair
Mark Selyukov,mark_selyukov
Mark Snell,marksnell12
Mark Tobias,mark_tbs8
Mark Townend,10tonne
Markus Köberle,mark_koeb
Marlinde Gras,marlindegras
Marlon Orellana,mijos_kiloquadz
Marlon Wragg,marlon_pl_
Marlow King,marlowkingg
Marshall Buckler,marshallbuckler
Marshall Johnson,thefreakshow83
Marshall Keels,mkeels2
Marshall Powell,themarshpowell
Marshall Willingham,marshallwillingham44
Marte Elverum,frkelverum
Martin Borgland Rønning,grizzlysterk
Martin Brown,martinpebrown
Martin Hill,kriger_martin
Martin Jackson,m_jackson652
Martin Lange,longus.strongus
Martin Lewis,beardedbeastie
Martin Massat,smarmas
Martin Olivera,kmart_110kg
Martin Plourde,martin_plourde
Martin Reidy,marty__reidy
Martins Kruze,martinskruze
Martin Smith,marsmith152
Marvelous James,marvjames2.0
Marvin Turner,marvturnerpt
Maryana Naumova,maryana_n
Mary Fleckenstein,maryeflex
Mary Howard,deadliftsforpizza
Mary Lee Gaffin,maryleegaffin
Mason Cabney,mas__daddy
Mason Cervantes,masscervantes
Mason Clemens,mason_lifts
Mason Cupp,dalai_liftma
Mason Freeman,freefit_21
Mason Liu,masonxwl
Mason Taylor,_masewindu
Mat Bailey,mjmbailey
Matej Pavlák,matej_pavlak
Mateo Perez,viga74kg
Mathew Procak,procakliftsthings
Mathieu Brignall,matbrignall
Matic Hren,the_caffeine_overlord
Matt Blankenberger,americanmeatball80
Matt Cronin,croninstrength
Matt Delmarty,delmarty
Matt Disbrow,mdisbrow
Matt Fryfogle,bigmattfryfogle
Matt Harper,matt_harpoon
Matthew Arremony,lil_toetouise_snurr
Matthew Bartholomew,_mattbartholomew
Matthew Bauer #1,bowers_motivation
Matthew Bund,peninsulabarbell
Matthew Chrudimsky,mattchrud
Matthew Couch Cooper,powerliftcouch
Matthew Cruz #1,inkredible__hulk
Matthew Fulton #1,aggie09tx
Matthew Hoffman #1,mbhoff
Matthew Jones,yaboimattjones
Matthew Jordan #1,mjsaluki
Matthew Matthiesen,mattsbarbell
Matthew McCormick,macstrength9
Matthew Merrick,mattmerrick90kg
Matthew Morrow,matt_90kg_morrow
Matthew Schenone,mjschenone
Matthew Smith #1,smittysmithlifts
Matthew Sollay,matthew_sollay
Matthew Staub,mattyice234
Matthew Turner #1,matt.turner662
Matthew Weisberg,bergfit69
Matthew Wilk,matt_the.natural_wilk
Matthew Knight #1,matt_knight87
Matt Mitchell,super_saiyan_bulldog
Matt Olsen,molsen_77
Matt Piscitelli,mattpisc
Matt Robinson,albinolifting
Matt Sohmer,mattsohmer
Matt Sweeney,sweenzor
Matt Tunison,builtbydoughnuts
Matt Wallace,mattwallace148
Matt Wenning,realmattwenning
Maureen Bornbaum,maubarbetta
Maurice Zapata,verse13
Mauricio Ciordia,mauriciociordia
Mauro Franklim,maurofranklim
Mauro Spinardi,maurospinardicoach
Max Aita,max_aita
Maxavier Jean-Philippe,maxavierjeanphilippe
Maximillian Reis,__natty_daddy
Maxim Novychenko,max_novychenko
Max Lochschmidt,max.lochschmidt_powerlifter
Max Misch,maxmisch83
Mayra Yanez #1,mayrayan6
Meana Albersworth,meana.albersworth
Meana Franco,meanafranco
Medb Murtagh,littlelifter_
Megan Casey,fitness_dynasty
Megan Cotcher,megan_cotcher
Megan Gallagher,megsquats
Megan Kitagawa,kittygawah
Megan McKibben,barbellsnbooks
Meghan Scanlon,megscanlift
Mehar Bhogal,mehars_life
Meicha Hardeman,inlightenedwarrior
Melanie Cuff,melanie_cuff
Melanie Douglas,melie_doug
Mélanie Girard,mchikitita
Melanie Krygier,krygierm
Melanie Wirtz,mellellell
Melissa Barber,thats.so.swolissa
Melissa Castillo #1,cheeech_
Melissa Cotton,lilmelliemel
Melissa Garza #1,mommabear1211
Melissa Grix,carbsandprs
Melissa Hala,misshala.fit
Melissa King,melisssaking
Melvin West,barbellbully_tahir
Merat Tafreshi,tenacity.91
Mercedes Miranda Delgado,mercedes28md
Mia Cuevas,miacuevas_
Mia Fisher,miapowerlifter
Mia Linamen,mia_grace_ye
Micah Hudson,cyborg_barbell
Micah Marino,micah_marino
Michael Abell,mikeya
Michael Albigese,malbigese
Michael Armendariz,michael.armendariz
Michael Black,mc_black33
Michael Bozeman,mbozeman88
Michael Brinson,coachbrinson_
Michael Bulzomi,strong_like_bull.53
Michael Bussman,mikebussman
Michael DeRouen,itsderjuan
Michael DeStefano #1,michael_destefano
Michael Estrella,mikeyestrella
Michael Garozzo,mgarozzo_smg
Michael Giles,michael__giles
Michael Hernandez,mikey_lifts_it
Michael Hildebrandt,theproud_kraut
Michael Houle,michael_houle
Michael Hsiung,mchsiung1
Michael Jurgelewicz,mikej425
Michael Kodweis,knuckle_dragging_mouthbreather
Michael Kuhns,mikeytwocakes
Michael Mahoney,mahoners13
Michael McCann,mccannics181
Michael Mitchell,michaelwmitchell3
Michael Petyak,muddywaterstrength
Michael Roskell,roskelllifts
Michael Russell Jr,maddmike51
Michael Samson #1,mikeysamson_
Michael Tennant,mikelifts
Michael Torres,elite_conditioning
Michael Tuchscherer,miketuchscherer
Michael Vessia,lambdalift
Michael Walker #2,coachmike90
Michael Wong,magicmike5580
Michael Yu #1,do_yu_even_lift
Michael Zundelevich,mzundy81
Michał Rudziński,michal.barbell
Micheal Seay,maseayjr
Michele Petro,mich2316
Michelle Franklin,thisgrannycan
Michelle Fredrick,chellebelllifts
Michelle Hewlett,michelle_hewlett_
Michelle Kania,onedaybettertraining
Michelle Kim,michiiikim
Michelle Leu,mich_leudles
Michelle Lin,meeshell1n
Michelle Rice,michellebarbelle
Michelle Ryder,michelle__ryder
Michelle Smith,mumma_broshell
Michelle Sothen,michie_fit
Michel Taylor,mishamai
Mickael Cloutier,mickcloutier
Miguel Ferris,offiepower
Miguel Fuentes,__miggy_aye_f
Miguel Jiménez Arribas,migueljiarr_power
Mika Edwards,mje_8
Mike Conley #1,high_carb_diet
Mike Conley #2,king_con_16
Mike Farr,silentmikke
Mike Giannini,mikecg2388
Mike Hoare,myhoare
Mike Jones #1,mikejoneswigan
Mike Lackey,mlack15
Mike Mazur,m1kemazur
Mike McGivern,mikemcgivern
Mike O'Hearn,mikeohearn
Mike Polis,mpolis320
Mike Rubinetti,ironmikerubes
Mike Saravane,mikemoose83
Mike Scherer,scheeerpower
Mike Schollbach,dynamitelifter
Mike Shaeffer,mike_shaeffer
Mike Swierczynski,skiboy1955
Mike Webber,xconditioning
Mike Wolfe #1,bigbadwolfe900
Mikhail Koklyaev,koklyaev_mikhail
Milena Schaefer,milenasch90
Miles Hlivko,mileshlivko
Mindy Chen,baconandbiceps
Minna Pajulahti,minnapajulahti
Miranda Chambers,miranda.chambers28
Miranda Chisom,mirandybrook
Miriam Trillhaas,mooncracker180
Mishary Alsaeed,mishary313
Mitchal Flowers,mitch_flowers_powerlifting
Mitch Dela Merced,dela_fit
Mitchell Deskis,deskisstrength
Mitchell Fountain,mitchell_fountain
Mitch Ravenscroft,a_caffeine_dependent_lifeform
Mitch Wright,mitchwryt_strong
Moataz Abujennah,unmatched_strength_
Moa Wikner,moawikner
Mohamad Arnaout,thearnaout
Mohamad Ongyod Latif,onygod131
Mohamed Bouafia,bouafia.powerlifting
Mohammad Koubeissi,qbessi
Mohammad Nasrul Faiz,faizthebeast
Mohammed Elzubier,moegainz52
Mohd Faries Bin Latif,mohdfariesboi
Molly Johnson,majohnsonp3
Molly Mullikin,mollykm
Molly Star,mollystarlifts
Monica Hwu,momoneeeey
Monica Medrano,moni_strength
Mo Proctor,mofopowerlifter
Morgan Armour,morgan.armour
Morgan Turner #1,powerprenzs
Morocco Arnold,elite_powerlifter
Moya Williams,moyakwilliams
Muhammed Enes Ozkan,ns_alsavage
Munira Patel,m_pl123
Murad Alibegov,murad.alibegov
Mustaffa Bin Khidhir,mustaffa.khidhir
Mu Tsai Fang,mutsaifang
Najat Khoury,magscuz
Nam Shartzer,namnamnamm
Naomi Graham,naomi_kgram
Naomi Kutin,naomi.supergirl
Naomi Sheppard,naomiasheppard
Nash Kegley,nashkegley
Natalia Uranga,uranganatalia
Natalie Cameron,bananabacknat
Natalie Hanson,natalie.907
Natalie Terrana,natuhlee18
Natasha Barnes,natashabarnes
Natasha Ching,natty_ching
Natasha Keeney,theerestingbenchface
Nate Esker,bignatestrong
Nate Suangpo,ns614
Nathalie Moen Balhald,nathmoen
Nathan Alexander #1,alexandernathan
Nathan Baptist,bigtrac55
Nathan Brandhorst,nathan_brandhorst
Nathaniel Baker #1,nathanielbkc
Nathaniel Robinson,nat_pt_robinson
Nathan Kim,nathankim.js
Nathan Lester,nate_lester
Nathan Oxford,itstherealox
Nathan Plunk,nate_plunk
Nathan Robertson,ns.powerlifter
Nathan Smoothy,nathansmoothy
Nathan Tanis,nathan_tanis
Nathan Walton,tonywalton1212
Nathan Wysocki,nath.wysocki
Nazariy Hrynkiw,the_squatting_slav
Neel Sampemane,nsampemane
Neeti Vashi,neeti_lifts
Neha Prasad Ainsworth,quad_dammit_neha
Neil Austin,bigfreakinneil
Neil Hughes,neilsonhughes
Neil Stewart,neilstewart83
Nelson Rumsey,rumdogmillionare
Neville Trollip,big_neville
Ngarimu Herewini-Pera,zerobenchgame
Nicholas Austin,lucky_ifbb
Nicholas Brooks,gobble_brooks25
Nicholas Donte McCoy,_legendofthetank
Nicholas Elizarraras,nickk._2003
Nicholas Evans #1,_nicholasjamesevans
Nicholas Grasmeder,nick_grasm
Nicholas Guidice,nguidice_powerlifting
Nicholas Kearns,kearnsnm
Nicholas Murphy #1,darth.deadlift
Nicholas Perdrisat,njpstrength
Nichole Holzum,nicholeholzum
Nick Best,nickbeststrongman
Nick Cook,cookiemonsta08
Nick Edlin,ed.nick
Nick Fisher #1,nickfisherpowerlifting
Nick Gilmore,ngilmore21
Nick Gout,nick_gout_shw
Nick Henwood,nhenwood165
Nick Israel,nickisrael_dpt
Nick Kiger,kigerstrength
Nicklas Burilovich,nick_burilovich
Nick Longo,nklongo
Nick Onega,nickonega
Nick Pierson,nickp814
Nick Ramey,nick_ramey
Nick Rice,rice126
Nick Spitaliere,sharkboy_lifts
Nick Squires,plantbasedlifters
Nick Tadlock,nick.kinda.thicc
Nick Wheeler,wheelzz__
Nick Whitecross,nickwhitecross89
Nick Wright #1,nickwrightnwb
Nico Duffield,nicoduffield
Nicolaas du Preez,nicolaas_du_preez
Nicolas Bolt,nicolasbolt
Nicole Amsler,namsler
Nicole Balkau,nikki_b11
Nicole Brown,thiccc__niccc
Nicole de Mello,nicoledemellopt
Nicole Fox,powerrliftingprincess
Nicole Gonzalez,nikkigunz83
Nicole Lutz,nicfit8987
Nicole Nguyen,little__bigfoot
Nicole Ordway,kanikkey
Nicole Petro Kurant,petrotwin
Nicolette Zeigler,_trapeziusqueen
Nigel Beattie,mrbeasttie83
Nigel Cordes,powerbuilding.specialist
Nik Dorion,nikthehulkdorio
Nikhil Karulkar,sleek_neek_retreat_205
Nikhil Thomas,nthomas90
Niki Sims,vera_nahce
Nikita Chizhov,nikson_hell64
Niki Whitfield-Hart,powernoodle1
Nikki Klein,nikkian148
Nik Kuhnle,nikkuhnle
Noah Brooks,noahtbrooks
Noah Ripstein,noahripstein
Noel Gragasin,noel.gragasin
Noelia Corona-Terry,ncoronaterry18
Noelle Brigden,lahormiga777
Noelle Wojnar,n.woj
Noémie Allabert,noemieallabert
Nsima Inyang,thenattyprofessor
Odell Manuel,odellmanuelpowerlifter
Odette Smaldon,odettesmaldy
Ofir Birenbaum,ofirbirenbaum
Ogden J Myklebust III,og_triple_0g
Ogechi Akalegbere,getchmeifyoucan
Oleg Bazilevich,olegbazilevich
Oleg Perepechenov,oleg_perepechenov
Oleksandr Shevchenko,shevchenko_power_od
Oleksii Melnyk,melnyk_oleksii_powerlifting
Olga Skorokhodova,olga_skorokhodova_
Oliver Griffiths,oliver__griffiths
Oliver Kurek,oliver_kurek
Oliver Woodman,oli.woodman
Olivia Hicks,livilifts
Ollie Walker,ollie.w
Ooi Fei Hoong,zinlifts
Oran Smith,oranksmith
Oscar Sandoval #1,scandinavianpleatherdaddy
Owain Tobias,ows_tobs
Owen Hubbard,ohubb
Owen Lockwood,owenlockwood_92
Pablo Sánchez Oliva,pablosanchezing
Paige Mills,bikerbiddie
Pamela Anderson,pamv_anderson
Pantelis Sapounakis,sapounakispantelis
Paola Roccuzzo,voiceoftheturtle
Parker McCann,parker_mccann
Pascal Suckow,yuribeuga
Patria Jimenez,quadsofthegodzilla
Patrick Jeffries,beardedbrawn23
Patrick McCloskey #1,paddy_mccloskey95
Patrick Morrison #1,manletmorrison
Patrick Ngo,partack
Patrick Vincent Maguire,full_primal_power
Pat Thera,iron.outsider.1
Pat Thompson,the.patthompson
Paula Gentle,pjgentle
Paul Beattie,paul.thewall
Paul Childress,childressp
Paul Cooper,cooperpj01
Paul Hickman,paulhick2016
Pauli Jussila,devils_rawpower
Paul Murphy,paul.murphy.7587
Paul Newman,kularoos
Paul Nguyen,pvn26
Paulo Tanaka,paulo.tanaka
Paul Revelia,paulrevelia
Paul Rucci,ptc_paul_rucci
Paul Trufant,dankxdaddy69
Paul Vidmar,fatharrypotter
Pavlo Nakonechnyy,nakonechnyy_pavlo
Payal Ghosh,pghosh2
Payje Brewster,payjeypowerlifting
Perry Ellis Jr,perryellisstrong
Perseus Black,its_perseus
Peta Day,petadayzee
Peter Hoang,peterhoang_
Peter Li,petelifts
Peter Nguyen #1,peterpowerrifter
Peter Noyes,noyes_74
Peter Pantazopoulos,peter.pantazopoulos
Peter Spence,petespence
Peter Tsao,peteyxcore
Pete Rubish,pete.rubish
Petr Petráš,petras.petr
Philip O'Kelly,favouritecolour_orange
Philippe René,phil.electrique
Philipp Schweda,schwettischwettschwett
Phillip Brown,flipdbrown
Phillip Herndon,phillip_herndon
Phillip Lake,papaw.phil
Phil O'Donovan,philod91
Phil Richard,phil_nrg
Pierre Shillingford,easypeezly
Piotr Perdas,mistah_pitah
Piotr Zietal,krevv666
Pip Brown,pip__brown
Pjotr van den Hoek,pjotrhoek
Pleun Dekkers,pleun.dekkers
Ploutis Koumi,spudsusername
Polo Tapia,therealmaui_
Porter Wood,pwood86
Primo Fantin,primo.74
Priscilla Ribic,priscillaribic
Quessandra Catlett,squatruhh
Quinn Clarke,papagrizzles
Quintin Beck,qlbeck
Rachael Johnson #1,bulkingk9
Rachel Anyi,rvchelvnyi
Rachel Flavin,rachelbatman
Rachel Frisbie,roboe92
Rachel Kiefer,braids_and_barbells
Rachel Morrison,rachtmorrison
Rachel Orbach,raychrrles
Rachel Pederson,rachlifts85
Rachel Younker,rachelyounker
Raechel Brooks,raechelbrooks
Rafael Figueroa,raf_scb
Rafael Henriques,rafaelsh98
Raimonds Mamonovs,ray2505
Rainer Altmäe,rainer198
Raishel Phares,ironyokai
Rait Sagor,rait_sagor
Raleigh Dia,raleighdia_
Ramazan Shikhgasanov,ramazan__shikhgasanov
Ramon Zayas,rzayas3
Randi Lee,island_randi
Randy Mazzie,bigmazofficial
Ranson Lee,ransonlee
Raquel de la Calle Labarzana,rakelaton
Rasmus Fleinert,fleinert
Raúl Aparicio Escudero,montadito_de_lomo
Ray Hunter,rayhunter2389
Ray Jimenez,powerweightray
Raymond Chow,raychow1
Raymond Saraiva,rayy827
Ray Ortiz,rortizeltoro
Ray Williams #1,optimusprime_334
Rebeca Soto-Llamas,becaasoto
Rebecca Carter,rcstat
Rebecca Coggle,cogglesquats
Rebecca Heath,becki_77
Rebecca Holcomb,prettystrongbec
Rebecca Pell,beccpell
Rebecca Smith #1,bekacsmith
Rebekah Lackey,_rebekahlackey_
Reece Meakin,donkey_kong_strong
Reid Miranda,reid_miranda
Renee Newton,renbunctious
René Groß,rene_kraftatze
Rene Leger,reneleger
Reshedaren Selvanathan,xreshex
Reyhan Roybal,reyhanroybal
Rhaea Stinn,rhaeastinn
Rheta West,power_lady_74
Rhiannon Keith,the_valkyrhi
Rhianon Lovelace,rhi_rhi_fitness
Rhonda Wong,rhondagramz
Rhys Browning,rhbrowning
Rhys Charlesworth,specifixtraining
Rhys Jones,r_tjones
Rhyss Keane,pale_horse_powerlifting
Ricardo Ortega,ortegapower_fitness
Richard Candelora,beardedmeat
Richard Gallagher,gallagherrichard
Richard Gibson,gymgeeksonline
Richard Hawthorne,corestrong010
Richard Hozjan,richardhozjan
Richard Hulick,the_rich_h
Richard Navarra,partywitrj
Richard Perdomo,thunderbootyclap
Richard Ramos,richard_r_ramos
Richard Twycross-Lewis,richard_lewis
Richie Perrin,darkhorsezombie
Rich Sadiv,sadivhumancrane
Rich Willis,dumbelldwarf
Rickey Dale Crain,rickeydalecrain
Rick Simmons,simmons_strength
Ricky Bolanos,rico_1632
Ricky Moore,rickymoore_1rm
Ricky Mullan,rickymullan
Rik Davison,vikingrikpower
Rilee Stewart,mightymousestewart
Riley Presnell,rileypresnell
Rima Baki,rima_baki_powerlifter
Risley Tang,misostrong
RJ Forbes,rj_forbes
RJ Hizon,originally_rj
Robbie Capriles,robbcap101
Robbie Sardinia,rsardinia
Robb Philippus,quadslikerobb
Robert Adams,radams_88
Robert Bain,bain316
Robert Clarke,brother_deadlift_sir
Robert Handler,rhandler94
Robert Masson,robbym11
Robert Morrison #1,rmorrison189
Robert Ralph,robert.ralph
Robert Reis,dubz7512
Robert Rodney,chiseledice
Robert Sikes,rsikes
Robert Simmons #1,puppies_and_powerlifting
Robert Taylor,robzilla504
Robert Thompson Jr,bigrobthompson
Robert Tolley,buddyyybruhhh
Róbert Tumpek,tumpekpower
Robert Wilkerson,bigwilk51
Rob Escalante,strengthrob
Rob Hall,worldbreakersavage
Robin Figelman,slim_fig
Robin Meineke,robinmeineke
Robin Ray,tuffie7
Rob Larson,rlarson17
Rob Lineker,roblineker
Rob Nikoleychuk,rnikoleychuk
Robyn Devaleriola,snowyfox686
Robyn Machado,robynmachado
Roderick Johnson,hypegod_rod
Rodney Manor,bigrodlift
Rodney Reed,rodney_reed_
Rodrigo Manzo,rodrigo.manzo
Roger Hamilton-Smith,gingertwiglet
Roger Walters,rogerwalters1980
Roman Antonyak,romanantoniak
Roman Eremashvili,eremashvili.roma
Romeo Dublin,redcentaur
Romuald Massé,romualdmasse
Ronald Tarvin,sir_gymratfitness
Ronald Tolie,see_ron_squat_and_stuff
Rondel Hunte,deadlift_lord868
Ronnell Leftwich,the_barbaric_one
Ronnie Coleman,ronniecoleman8
Ronny Berndt,rawnny_
Rory Girvan,rory__girvan
Rosa Vázquez Marfil,rosavazquezmarfil
Roscoe Ware,big_sco2k
Roselle Mary S Lucero,illbeyourlighthouse
Rosimery Lima,powergirl.13
Rosio Rodriguez,hamstringmami___
Ross Leppala,ross_rts
Ross Rook,ross_the_powerlifter
Ross Shahin-Ajerlo,ross.shahin
Rostislav Petkov,ross_petkov
Routh Thach,sreyrouth
Rowan Hendry-Horne,specialsundae
Rowan Mason,rowanmason
Roy Glenn,royg_animal
Rubén de Paz Patiño,rubendepaz74
Rubén Fuentes Medina,ruben_rfm
Ruben Garcia,ra_power_powerlifting
Rubén Rico Martín,rubenricomartin
Rubén Rodríguez Castro,rubencastro26
Ruby Vella,rubysephora_figure
Ruchell MacGregor,rockiies
Rudy Harbin,rudboysantana
Ruslan Greev,ruslan_greyev
Russell Taylor #1,tayloredphysiques
Russel Nguyen,russeyohiggins
Russel Orhii,russwole
Ruta Lendraitiene,rutastrong
Ruth Grigg,shortssquats
Ruthie Luna,r.lunaaa
Ruud Kassing,kassingcouch
Ryan Baker-Sheehan,ryanbakersheehan
Ryan Belcher,iam1him
Ryan Beshada,quadsimodo181
Ryan Bond,ryan.bond88
Ryan Celli,ryancelli
Ryan DeFea,flyinryan_d
Ryan DeGeorge,ryanmichael298
Ryan Godding,52ry
Ryan Gorman,the_bearded_one81
Ryan Gregnol,ryangregnolfitness
Ryan Hughes #1,mr_hughes09
Ryan Jabalee,ryan.jabs
Ryan Jones #1,ryjonespl
Ryan Kiecker,fresh_kiecks
Ryan King #2,pwr_king_85
Ryan Lataash,king_spider53
Ryan Lawson,americansoldier80
Ryan Liu,saiyanthatpowerlifts
Ryan Loverich,ryan_loverich
Ryan Miller #1,strong_like_bull.dumb_like_ox
Ryan Miller #2,ryanjm313
Ryan O'Neill,198smakesomeroom
Ryan Panzavecchia,ryan_panzavecchia
Ryan Raynier,furious_george181
Ryan Rubio,ryanrubiocp
Ryan Spencer,politicalmuscle
Ryan Stills,ryanstills_powerlifter
Ryan Stinn,stinndler
Ryan Sylva,sylva_sbc
Ryan Turgano,turganomon
Ryan Williams #1,ryan_williams77
Ryan Wingerson,pgh_ryno
Sabrina Moore,innerstrengthuk
Saehim Ahn,ahnsaehim
Sainabou Joof,sain1992
Sally Goldman,sallyagoldman
Sally McBrydie,sallz5
Salman Khan,salmanatorrr
Salvador Alejandro Martinez,immeatheadroblowe
Salvatore Christopher,vitro8313
Sam Alderson-Bythell,sambythell
Samantha Bechard,sam.bechard
Samantha Briggs,bicepslikebriggs
Samantha Cabrera,fitconfidenthappy
Samantha Calhoun,sam.s.calhoun
Samantha DiBois,thebigprincessgrrrl
Samantha Mondro,smondroski
Samantha Perotti,sammi300
Samantha Rice,quadslikemom
Samantha Shinavier,samanthalifts_
Samantha Todd,samirae_spartanbarbell
Sam Bernstein,samuellbernstein
Sam Bollands,sam_bollands
Sam Byrd,sambyrd1
Sam Dean,samdeanmachine
Sam Hinks,stanleyhinks94
Sami Vaskelainen,vaskelainen_powerlifting
Sam King,sam_powerlifting
Sam Meade,sammeadepl
Sammi Johnson,nopantssammi
Sammy Sebok,ironsaint_sebok
Sam Parker #1,phatmuscle89
Samuel Godfrey-Mayes,hungry4hands
Samuel Hall,samhallstrength
Samuel Lloyd,samtreetops
Samuel Robinson,sdotrob
Sam Watt,samwattfitness
Samyra Abweh,minimyraa
Sandi Smith,sands04
Sandra Beyer,bey_sandra
Santiago Velasquez,thiagofitness92
Sara Bauer,sar_bauer
Sara Bradley,sarabradley86
Sara Brady,sarabethbrady
Sara Cardonne,diamond.oceans87
Sara Cowan,saracowan95
Sara Florence,halfmoonspeak
Sara Frankovich-Hannie,squatastic_sara
Sara Harpin,saralouiseharpin
Sarah Bohlen,sarahelizabet_
Sarah Brenner #1,sarahskwaats
Sarah Brown,tattedfitchic
Sarah Cattan,squatzilla
Sarah Crowe,powerliftinandcrochetstitchin
Sarah Daly,saz_daly
Sarah Gardiner,sazgardiner
Sarah Green,slimegreencreations
Sarah Griffin #1,sarah_griff_fit
Sarah Head,accio_gains
Sarah Hornbeck,trisarahtops
Sarah Houhoulis,saritobandito
Sarah Lanzillo,strongsarah7
Sarah Lewis #1,sarah.lewis_
Sarah Marsden,sarah_e_marsden
Sarah May Hamilton,littlehamo
Sarah McCaffrey,sarah_moh.caf
Sarah Paxton,sarruhhjo_
Sarah Payne,trap_sarahtops
Sarah Petrie,sarahmarie6388
Sarah Rainbow,sarah_rainbow
Sarah Skinner #1,sarah_skins
Sarah Vance #1,sarah.renee.lifts
Sarah Wheal,squeaky_wheel77
Sara Schiff,saraeatsbacon
Sascha Stendebach,sascha_stendebach
Saskia Grandl,schwarzlich.t
Sawyer Yandell,sawyer_fuerte
Scarlett Portues,captain_scarlift
Scarlett Sotiris,007sotiris
Schalk-Willem Engelbrecht,schalk_engelbrecht
Scott Bradwell,scott_the_squat
Scott Cartwright,bighosscartwright
Scott Lobono,scottlobono
Scott Longhofer,metaljerk
Scott Shufelt,shufeltscott
Scott Stengel,heathenpowerlifter
Scott Stiefeld,too_hotti
Scott Sullivan,squatsullivan
Scotty Clark,scotty.clark22
Sean Baker,outlaw181
Sean Berlin,seanberlin
Sean Crowe,seancrowe_sms
Sean Culnan,sculnan
Sean Davis,sdsportsacu
Sean Fagan,seanyfagan
Sean Flament,sf_powerlifting
Sean Kilbride,seanyk11
Sean Lundin,seanlundin52
Sean McIntosh,dumbliftingdude
Sean Moser,seanmoser19
Sean Noriega,kissmyarch
Sean Stangl,ferruix
Sean Sutherland,ssutherland_pl
Sean Tomac,seantomac125
Sebastiaan Tempelaars,sebastiaantempelaars
Sebastian Ehmann,dominate_science_passion
Sebastian Kaindl,wuchtinger
Sebastian Oreb,australianstrengthcoach
Serdar Tosun,serdartsun
Serena Abweh,rena_serenaa
Sergey Akhlestin,ahlestinstrongfit
Sergey Daragan,sergey.daragan
Sergey Fedosienko,sergey_fedosienko
Sergey Gladkikh,sergeyfpr0303
Sergii Bilyi,belyi_lift
Sergio Luna,surgetonewlevels
Seth Bowles,140horse
Sevasti Anastasiadis,sev_anastasiadis
Seyonn Chinn,123cuts
Seyonn Chin,seyonnchin_
Shadi Zahed,recklessgains
Shae Jones,wildthang78
Shahriar Sabri,fatglutesfatsloots
Shana Miller,shana___miller
Shane Flowers,_shaneflowers
Shane Haller,shanehaller
Shane Hammock,pilgrimageofpower
Shane Henley,atlien_81
Shane Housmans,the_horno_bull
Shane Jerman,mstsystems
Shane Langston,corndog_strong
Shane Martin,smartlifts
Shane Wallace,sierra_whiskey85
Shane Walthers,walt_squats
Shanna McKenzie,shanna.mckenzie
Shannan Thompson,teddybeast__
Shannon Clifford,shannonsnutrition
Shannon Graszat,gunzandbuns
Shannon Mutch,shannypanny_
Shannon Nash,troyandshannon_nash
Shannon Pollock,shannpol
Shannon Sullivan,sully_lifts
Shan Passmore,shanpassmore5
Sharon Eggleton,princess_of_iron
Sharon Holmes #1,shazholmes
Shaun Kopplin,the_heartbreakkid
Shawna Mendelson,mendelsonstrength
Shawn Bellon,shawn_bellon
Shawn Boyd,bigshawnthehulk
Shawn Campbell,shawnbearillacampbell
Shawn Denne,denneshawn
Shawn Doyle,shawn.doyle308
Shawn Frankl,shawnfrankl
Shawn Frasquillo,sfra59uillo
Shawn Hendrix,shawnrhendrix
Shawn Murphy #1,shawnmurphy1
Shawn Roop,shawn.roop
Shawn Schantin,sschantin
Shawn Vanderploeg,hulksmash0506
Sheena Brown,dirtgirl1104
Shelby Hood,_bluebird_81
Shelby Talon,shelby_talon
Shelly Cannon,shellycannon
Shenae Healey,shenae.healey
Sheree Trollip,ree_pocket.rocket
Sheridan Jacka,sheridanj76
Sheri Miles,sheri__miles
Sherine Marcelle,sincerelysherine
Shira Bardfield,shira_pop
Shiyu Lin,alans105kgcow
Shorty Sadang,shortylifts
Shravya Guda,ssguda
Sierra Celec,_sierra.danielle
Siim Rast,tzaby
Silvia García Izquierdo,sepius
Simon Baker,simon_says_lift
Simon Chang,simonchang3
Simon Kankkonen,skankkonen
Simon Norcup,jessenorcup
Simon Restifa,rugbysmartarse
Simon Williams,siiiwilliams_powerlifter
Sinjin Howerton,filthy_slim11
Sin Leung,sinjatakespics
Siobhan Taylor,totallyawesometaylor
Sion Hughes,sion_hughes
Skyler Pike,pikeskyler
Skyler Sullivan,skyler_sloan
Skyler Woolard,beardedbarbell
Sniazhana Zubko,zubko_sniazhana
Sofia Loft,loftsofia
Sofia Walter,sofiawltr
Sohail Rashid,blakesrashid
Soledad Palacios,sulleypala
Solomon Levin-Sanders,strongbellysully
Sonia Gonçalves Da Silva,soniagotcalves
Sonja Graumann,grau_frau
Sonja Stefanie Krüger,sonja99krueger
Sophia Duong,sphlfts
Sophia Waldemarson,sophiawaldemarson
Sophie Fuller,sophsquatslots
Sophie Valeika,sophievaleika
Sophie Viner,sophieviner
Souhad Ghazouani,souhad_ghazouani
Spencer Flanagan,flexxflan
Spencer Key,s.key181
Stacia-Al Mahoe,ii.am.legend.01
Stacy Amorim,mrs.bba_gym
Stacy Burr,bamaburr
Stan Efferding,stanefferding
Stanley Schultz,stanleythethird
Steevi Pugh,liftingsteevi
Stefan Byczyk,stefanbyczyk
Stefanie Cohen,steficohen
Stefan Pagelsen,ste_fan_p
Stefan Putter,stefanoputterji
Stefan Rzehak,stefan_rhk
Stéphane Morrissette,morrissette316_
Stephanie Earl,stephearlstrong
Stephanie Gaspari,stephgaspari
Stephanie Gleeson,stef_gleeson
Stephanie Kyle,ladykyle
Stephanie Pike,stefpike
Stephanie Pio,squat_rack_shenanigans
Stephanie Robbins,steelmagnolia44
Stephanie Smith,stellarlady85
Stephanie Spencer,bettyprettyprincess
Stephanie Walker,stephanierogerswalkergmailcom
Stephanie Zacharias,stephaniezacharias
Stephani Pullins,pushpullins
Stephaun Mosley,stephskywalker
Stephen Adams,thee_squatch
Stephen Burns,burns_sdb
Stephen Campbell,scampbell_91
Stephen Cascioli,casciolisc
Stephen Domacina,steve_d_power
Stephen Krieger,grumpyoldpowerlifter
Stephen Kuang,kuangfitness
Stephen Lehew,blake_75kg
Stephen Manuel,screamermanuel
Stephen Rubalcaba,fcrubalcaba
Stephen Teeters,teeters93kg
Stephen Vannevel,stephenvannevel800
Stephen Wilson,stephenwilsonathlete
Stephon Ashcraft,stephonashcraft
Steph Powell,steff_eff15
Steph Taylor,stephanietaylor86
Sterling Walker,socks_and_deadlifts
Steve Boring,brb_fitness
Steve DeNovi,sdenovi
Steve DiPaola,steviedpol44
Steve Gentili,ptfitness500
Steve Goggins,gogginsforce
Steve Jellett,redbeardlifting
Steve Johnson #2,forsakenwarrior
Steve Loftus,steven_laughtus
Steve Macneil,tubbymac84
Steve Mann,smannofsteel
Steven Archer,bigstrengthsteve
Steven Carozza,steviep_125kg
Steven Machek,stretch_rx
Steven Maki,military_muscle_1sg
Steven Maradona,stevenaay
Steven Rice #1,stevenrice_
Steven Tyers,steve_tyers
Steven Vu,stevo.vu
Steve Plunkett,plunkster1973
Steve Shaw,bendthebarman
Stevie Seeley,stevieleigh4
Stian Walgermo,walgermo
Stina Åkemalm,stinaakemalm
Sunita Raja,sraja89
Susan Chambers,mightymorphinpowerlifter
Susan Johnson #1,susan.l.johnson.power
Susanna Argile,s.e.argile
Susan Salazar,supers2o
Suzanne Daniel,suzannelifts
Suzanne Davis,suzanne_davis_ifbb_pro
Suzanne Hartwig-Gary,siouxz52kg
Suzette Aranda,susie_q_aranda
Suzie Maude,shrinking_suzie
Syed Samoor Imam,strong_curry
Sylvia Lovanrack,sylogum
Sylvia Szarvas,silviaszarvas
Sylvie Dubé-Forslund,sylvie_lexploratrice
Szu Han Yang,sarahyangsy
Tabitha Anderson,drbigsid12
Tabitha Gleason,brains_and_gains.tabitha
Takara Hawthorne-Smith,takara_fitness
Talha Cetin,makinetalha
Tamara Metcalf,tjmetcalf1
Tamara Thomsen,tamara.thomsen
Tammy Hua,tammyshammies
Tanja Stenholdt Olsen,tanja__olsen
Tanner Baird,massenomics
Tanner Johnson,tannermj15
Tanner Madison,tannermadison
Tanner McBride,tanner_tiberius
Tanno de Pender,7ann0
Tanya Bull,tanyabull83
Tara Duncan,liftlikemommy
Tara Maguire,tara.maguire
Tara Webber,taragreenwebber
Tarra Oravec,tarra.oravec
Taryn Albright,waternweights
Tasmin Campbell,tazzy_cam
Tate Brinkley,taterstrong
Tatyana Polstyanova,tatyana_polstyanova67
Tavis Harris,theirondr
Tawanda Bwerudza,tawandabwerudza
Taylar Stallings,taylarmade
Taylor Atwood,t_atwood
Taylor Chapman,tchapsss
Taylor Erickson,taylor_skyyy
Taylor Haney,malevolentserenity
Taylor Irvine,t_m_irvine
Taylor Sharp,taylorjudah
Teaguen Labatch,teaguen_labatch
Tee Cummins,tee_cummins
Tee Popoola,teepopoola
Temitope Nuga,5ringsfitnessuk
Temitope Oloyede,samoloh
Tenaya Tuteur,laketenaya
Terence Chiu,chiudafunk
Terence Mason,terence.mason
Teresa Parsons,teresaparsons
Teresa Yeung,aserettt
Terrian Ashley,terriboo621
Terry Ahlander,ta_trbl
Terry Foreman,terryforeman2062
Terry Harrell,terryharrell517
Terry Martin,terrymartin_
Terry Smith #1,tsmithjr44
Tess Heaslip,tessredsky
Tetyana Holm,tanja_holm
Thaheer Mannan,tazpowerlifting
Theresa Simanu,resasimanu
Thomas Adams #1,tads1025
Thomas Biddle,tomweightz
Thomas Blackwell,bigtommyblack
Thomas Botica,tpbotz
Thomas Brannick,tbrannick
Thomas Davis,tdsmash
Thomas DeFea,tomahawk_d
Thomas DiPietro,giant__killer
Thomas Elgort,bestnaopieop
Thomas Knight,peepingtomknight
Thomas McNamara Jr,tj_mcnamarajr
Thomas Miller #1,daddy_deadlifts
Thomas Redd Jr,notapowerlifter
Thomas Saul,itstomsaul
Thomas Schwarz,ts_pl
Thomas Soto,mightymouse1931
Thomas Teves,imteves
Thomas Wang #1,tommytsunami_74kg
Thovie Gonzales,anokaypowerlifter
Thu Ngo,acciobeastmode
Tia-Clair Toomey,tiaclair1
Tiffaney Cole,tif_oce
Tiffany Leung,tinytiff97
Tiffany Nguyen,liftliketiff
Tiffany Peters,tiffany_powerlifts
Tiffany Sengsourigna,tuffany
Tiki Manu,tiki_eee_dizzle
Tim Daniel Konertz,cpt_timmy
Tim Dose,timdose72
Tim Garrett,turn_down_for_squat
Tim Lease,tlease
Timothy Hopwood,tiny3tim
Timothy L. Carver,tcpower_91
Timothy Mercer,redbeardbarbell
Timothy Monigatti,tim_monigatti
Tim Parker #1,tparker_powlftr
Tina Daneshmand,tina_tornado
Tina HoSang,tinahosang
Tina Michaud #1,tigerseye8
Tiny Meeker,tinymeeker
TJ Bryant,coachtjbryant
TJ Dunsmoor,tjdunsmoor
TJ Hill,tj_powerlifter_wellnessbikini
Tobias Zinserling,big_zinse
Toby Luangsy,toby_luangsy
Todd Steffens,mechatoddzilla
Tom Catchlove,tomcatchlove
Tom Chang,teechangy
Tom Davis #1,tomdavispl
Tom Dunning,tee_dee_92
Tom Finn,huckfinnbarbell
Tom Griffin,tom6360
Tom Hudson,the_white_rhino_powerlifter96
Tomi Luhtanen,tomiluhtanen
Tom Kallas,tomkal1
Tom Lloyd Whitaker,tlloydwhitaker
Tom Martin #1,tommartinpl
Tommy Janusz,humbledbastard
Tommy O'Connor,toc5
Tom Nguyen,tvn.kg
Tom Ross #1,trstrongfit
Tom Sayeau,sayeaut
Tom Smith,tomsmith.1
Toni Balijagic,_toni_315
Tony Bolognone,tony_bolognone
Tony Cliffe,tmcpower
Tony Conyers,tony_conyers
Tony Montgomery,tonymontgomeryjr
Tony Vuong,tonyyvuongg_
Tori Goulart,torigoulart
Tory Pelzer,torypelzer
Tracey Berg-Fulton,theflyingfraction
Tracey Le,icetrray
Tracy L. Jones,tracy.jones.18
Tracy O'Callaghan,tracy_ocallaghan
Tra Farrington,unbreakabletra
Travis Copeland,trav_cope
Travis Dyer,thepowerdoc
Travis Hewitt,travhewitt1
Travis Nelson,tnelsonpower
Travis Paul Rose,travisrose_fit
Travis P. Rogers,papabearrogers
Travis Salisbury,trav.salisbury
Travis Webb #1,strong.as.an.ox
Trent Blanchard,trenty19
Trenton Mellinger,tm3lling3r
Trenton Wade,trewade198
Trent Ross,tr3ntosm3ntos
Trevor Jaffe,jaffestrength
Trevor Myhre,the_liftertarian
Trevor Thomas Jr,Kountrymuscle_og
Trey Arras,treycep
Tricia Floyd,teefabfit
Tristan Nazelrod,tank_power892
Tristan Rice,tristan_rice_powerlifting
Tristan Rocheleau,tristyr
Tristin Williams,baby_beast238
Troy Abbott,troyabbottpt
Troy Mulkey,trobertsonm
Troy Unrein,desertviking91
Trystan Oakley,trystanoakley
Tsimpi Mairi,mary_tsibi
Tsukiko Fredette,trapeziusqueen
Tuan Dinh,pancitpower
Turama Hawira,lummybro
Tyler Castle,castle_wv
Tyler Collins #1,collins__tyler
Tyler Cummings,tcum_48pl
Tyler E Roy,roy_liftz
Tyler Frazee,ty_smash
Tyler Frost,tylerfrost17
Tyler Jackson #1,tyjacksonfitness
Tyler McClanahan,mcclanahan_ty92
Tyler Mingus,tylershmingus
Tyler Moreau,willsquat4pizza
Tyler Obringer,tylerobringer
Tyler Patrick,_tylerp
Tyler Ward,wyler_tard88
Tyler Zaremba,zx_kilo_ren
Tyree Dunn,pull_mybeard
Tyrel Gregerson,barbells.n.breakdowns
Tyrel Williams,swolefat
Tyson Andrews,zorolvlstr
Ty Tankard,tytankard
Ulan Anuar,anuar.ulan
Umar Abdullah,teaspoon71
Urban Mur,urbanmur
Vadim Grel,vadimg92
Vadim Kakhuta,kahuta81
Vadym Dovhanyuk,vadymdovhanyuk
Vadym Kotsaga,vadymkotsaga
Valeria Merzlyakov,valeriamerzl
Valerie Dew,_tenacious_heart_
Valerie King,valrking
Valerie Smith,valerie_smith_powerlifter
Valerija Aliochina,valerija.a
Vanessa Burman,vanessa_barbellmedicine
Vanessa Crouch,meatshelf
Vanessa DeLuca,_vanessadeluca
Vanessa Ferla,vanessaferla
Vanessa Torres,vanessa_pitbull_torres
Vasa Samataua,vasa_shw
Verena Fischer,fraeulein_fischer
Veronika Schulze,ronalifts
Véronique Fradette,freddles.fit
Vicki Jewson,vickijew
Vicky Taylor-Hood,vthood
Victor Biryukov,v.biryukov_russianboss
Victoria Court,gainsglutesglitter
Victoria Lodise,victorialodise
Victoria Miller,toraliftsthings
Victoria Sukar,veemarie.powerbuilder
Victor Solis,victor_solis74kg
Víctor Vázquez Hernández-Carrillo,victorvazquezhc
Vilma Olsson,vilma__olsson
Vincent Falzetta,returnofthemeat
Vincent Jackson,iam_vincej
Vincent Raia,vinraiapl
Vincent Shih,veecent
Virginia Finol Franco,virfinol
Viv Dickinson,13vivlet
Vlad Dimitrov,vladiphd
Vladimir Kravtsov,vladimir_kravtcov
Vladimir Marchenko,marcenkov282
Vladislav Alhazov,vado.a
Vladislav Kravchenko #1,vladislav_krawa
Vyacheslav Starkov,s1ava_starkov
Wade Zeno,wadeonyourparade
Wakaba Stephens,leafstrength
Wanda Garcia,wanda_woman92
Wan Muhd Faris,farissenpai
Warren Whitaker,warrenwhitaker86
Wayne Coffey,waynecoffey183
Wayne Howlett,waynehowlettpl
Wayne Knight,kauai_knight
Wayne Schmitt Jr,540guy
Wayne Van Nostrand,alpha_swole
Wei Choun Phoon,weichoun
Wei-Ling Chen,weiling14951414131
Wendell Sowers,wendellsowers
Wendy Chan,watergirl94
Wendy MacFarlane,wendy_mac_1982
Wes Fish,wesfish1979
Wesley Clapp,sonofaesir
Wesley Hall,wes_hall_
Wesley Hoover,getswoll5616
Wesley Vick,wes_vick
Wes Sharp,pma_til_im_doa
Will Cooper,willfcooper
Will Holliday,willholliday
Will Hunt,nemesis_powerlifting
William Andrews #1,_hunterandrews
William Barabas,barabas_242
William Burrell,i_am_williamburrell
William Clarke,clarke_strength
William Crozier,wcroz
William Fluck,fluckie19
Will Freeman Dunn,will_1982
William Jones #1,will_j97
William Littlefield,fit_over_flab
William Newton #1,will_newton_will.b.fit
William Pickering,wilksthiccering
Willis Graves,graves_strength
Winston Rasmussen,thewinniedr
Wylie Sung,wyliesung28
Wynter Addams,wynteraddams
Xavier Berrios,xavilus
Xiaver Collier,the93kgs
Yakov Ionin,yakovionin
Yan-Fei Zhao,yanstahx
Yangsu Ren,deadlift_panda
Yaniv Gur,ygur
Yarden Bleicher,themanformerlyknownasyarden
Yaroslav Chayka,seagull_powerlifting
Yessica Martinez,yessie_mart
Yianni Magoulias,greek_ptc
Yianni Manousaridis,yianni50
Yohann Savinsky,yohannsavinsky
Yolaunda Campbell,tiny_tank1
York Stanham,york.sta
Yoshihiro Higa,yoshihiro.270
Yoshio Adachi,yoshadachi
Yosie Martinez,yosiemartinez1
Yousef Bader,darthbader_y
Yulia Shenkarenko,yulia_shenkarenko
Yury Belkin,belkin_one_power
Yusuke Satake,stk_59_66
Yusuke Takeda,yusuketakeda.txp
Yvette Wilmot,theredevie
Zach Anschultz,zach_anschultz
Zachary DiCostanzo,dicostaz
Zachary John,zach_powerlifts
Zachary Langdon,ironmanzach
Zachary Patton,lumber_jacked98
Zachary Voase,zackwurst
Zachary Yamamoto,zmoto_
Zach Homol,zachhomol
Zach Morris,strongmanred
Zachry Barnette,zbarnette98
Zach Schulze,z.wraith
Zach Scott,zachscottepc
Zach Wittusen,zachwittusen
Zackary Sanders,zsanders294
Zack Austin,zdts
Zack Carr,zack_carr275
Zackery Shoebottom,zackeryshoebottom
Zac Marchant,paysonutahpowerlifting
Zac Meyers,thehulkmeyers
Zahir Khudayarov,zahirkhudayarov
Zeesha Braslawsce,zeeshab88
Zhavokhir Askaraliev,javohir6270
Zoe Clark,zeelifts
Zoe Newson,zoenewson7
Zorahgail Balino,zorahgail
Zsuzsanna Tóth,zsuzskatn
Zyra Fortes,z_fortes
Garrin Clark,gmanf3
Cassandra Palermo,_mighty_mowse
Aloysius Randle,raymon17
Adam Fennell,_adamfennell
Elijah-Joel Auls,datthic66
Debi Stoliar,getstrongbee
Xavier Chapoteau,xavier_ch
Blaine Stephens,deiduke
Khalil Douglas,khaloldouglas
Josh Sutelman,sutelman
Erin Hook,offthehookathletics
Courtney Tedesco,courtneytedesco
Riki Tyminski,lil_riki_
Robyn Schmidt,schmidt__storm
Tasha Whelan,ironwolf03
Salina Vega,misfitnstrong
Leah West Casciano,leahcasciano
Melissa Teich,missbeast25
Brianny Terry,briannyt
Andrey Kim,andrey_kim_ak
Eric Wilberg,eric_wilberg
Gergő Benes,benesgergo
Sean Green #3,seandgreen23
Caylea Borges,miss_cay
Maui Koopu,maori_asian
Nicole Dunlap,trapqueen22
Andrew McGuinness,andymcguinness89
Roelienda Zevenbergen,hulk_in_heels
Blake Barrett,powerliftingbarrett
Gagan Samara,gagansamara
Alice Francis-Freeman,alice_francis_freeman
Alexander Huber,xandl1990
Markus Glück,markus.glueck
Michael Stiglbauer,michi_stigi88
Christof Reitinger,reitispower_59kg_aut
Dakota Reich,dakota_reich
Christoph Krauss,cpt.krs
Markus Binder,markusbinder_kdk
Simon Pechtl,_simsn_
Marlene Sabathy,marlenesabathy
Stefan Sieberer,s.sieberer
Niklas Reiter,niklasreiter
Markus Simbrunner,simbrunnermarkus
Philipp Kahr,philippkahr
Jason Raby,skankyjoe
Yanick Boucher,y_boucher_
Thanh Huynh,rth_lifts
Inara Kuisele,inara_kuisele
Brendan Beaulieu,diabetichercules
Danielle Hagen,unicorn_lifter
Carson Stradford,smartcarson
Jennifer Gaeding,heyyyjenjen
David McQuillan,daviemcq
Ryan Osborne,ryanosborne_606strong
Jordan Puchalla,_the_zilla
Kiera Aston,kierajaston
Jack Kenny,jackkenny_ts
Eric Hayes,iron_assassin606
Brandon Harrington,musclehmstr
Brandon Brown,hollersman4life
Ted Damiano,teddyd1
